location,age_group,report_date,reference_date,confirm,new_confirm,delay,day_of_week,not_thursday
DE,00+,2021-06-23,,0,0,78,Wed,1
DE,00+,2021-06-24,,0,0,79,Thu,0
DE,00+,2021-06-25,,0,0,80,Fri,1
DE,00+,2021-06-26,,0,0,81,Sat,1
DE,00+,2021-06-27,,0,0,82,Sun,1
DE,00+,2021-06-28,,0,0,83,Mon,1
DE,00+,2021-06-29,,0,0,84,Tue,1
DE,00+,2021-06-30,,0,0,85,Wed,1
DE,00+,2021-07-01,,0,0,86,Thu,0
DE,00+,2021-07-02,,0,0,87,Fri,1
DE,00+,2021-07-03,,0,0,88,Sat,1
DE,00+,2021-07-04,,0,0,89,Sun,1
DE,00+,2021-07-05,,0,0,90,Mon,1
DE,00+,2021-07-06,,0,0,91,Tue,1
DE,00+,2021-07-07,,0,0,92,Wed,1
DE,00+,2021-07-08,,0,0,93,Thu,0
DE,00+,2021-07-09,,0,0,94,Fri,1
DE,00+,2021-07-10,,0,0,95,Sat,1
DE,00+,2021-07-11,,0,0,96,Sun,1
DE,00+,2021-07-12,,0,0,97,Mon,1
DE,00+,2021-07-13,,0,0,98,Tue,1
DE,00+,2021-07-14,,0,0,99,Wed,1
DE,00+,2021-07-15,,0,0,100,Thu,0
DE,00+,2021-07-16,,0,0,101,Fri,1
DE,00+,2021-07-17,,0,0,102,Sat,1
DE,00+,2021-07-18,,0,0,103,Sun,1
DE,00+,2021-07-19,,0,0,104,Mon,1
DE,00+,2021-07-20,,0,0,105,Tue,1
DE,00+,2021-07-21,,0,0,106,Wed,1
DE,00+,2021-07-22,,0,0,107,Thu,0
DE,00+,2021-07-23,,0,0,108,Fri,1
DE,00+,2021-07-24,,0,0,109,Sat,1
DE,00+,2021-07-25,,0,0,110,Sun,1
DE,00+,2021-07-26,,0,0,111,Mon,1
DE,00+,2021-07-27,,0,0,112,Tue,1
DE,00+,2021-07-28,,0,0,113,Wed,1
DE,00+,2021-07-29,,0,0,114,Thu,0
DE,00+,2021-07-30,,0,0,115,Fri,1
DE,00+,2021-07-31,,0,0,116,Sat,1
DE,00+,2021-08-01,,0,0,117,Sun,1
DE,00+,2021-08-02,,0,0,118,Mon,1
DE,00+,2021-08-03,,0,0,119,Tue,1
DE,00+,2021-08-04,,0,0,120,Wed,1
DE,00+,2021-08-05,,0,0,121,Thu,0
DE,00+,2021-08-06,,0,0,122,Fri,1
DE,00+,2021-08-07,,0,0,123,Sat,1
DE,00+,2021-08-08,,0,0,124,Sun,1
DE,00+,2021-08-09,,0,0,125,Mon,1
DE,00+,2021-08-10,,0,0,126,Tue,1
DE,00+,2021-08-11,,0,0,127,Wed,1
DE,00+,2021-08-12,,0,0,128,Thu,0
DE,00+,2021-08-13,,0,0,129,Fri,1
DE,00+,2021-08-14,,0,0,130,Sat,1
DE,00+,2021-08-15,,0,0,131,Sun,1
DE,00+,2021-08-16,,0,0,132,Mon,1
DE,00+,2021-08-17,,0,0,133,Tue,1
DE,00+,2021-08-18,,0,0,134,Wed,1
DE,00+,2021-08-19,,0,0,135,Thu,0
DE,00+,2021-08-20,,0,0,136,Fri,1
DE,00+,2021-08-21,,0,0,137,Sat,1
DE,00+,2021-08-22,,0,0,138,Sun,1
DE,00+,2021-06-23,2021-06-23,0,32,0,Wed,1
DE,00+,2021-06-24,2021-06-23,47,15,1,Thu,0
DE,00+,2021-06-25,2021-06-23,47,11,2,Fri,1
DE,00+,2021-06-26,2021-06-23,47,2,3,Sat,1
DE,00+,2021-06-27,2021-06-23,47,0,4,Sun,1
DE,00+,2021-06-28,2021-06-23,47,1,5,Mon,1
DE,00+,2021-06-29,2021-06-23,47,2,6,Tue,1
DE,00+,2021-06-30,2021-06-23,47,0,7,Wed,1
DE,00+,2021-07-01,2021-06-23,65,2,8,Thu,0
DE,00+,2021-07-02,2021-06-23,65,0,9,Fri,1
DE,00+,2021-07-03,2021-06-23,65,1,10,Sat,1
DE,00+,2021-07-04,2021-06-23,65,1,11,Sun,1
DE,00+,2021-07-05,2021-06-23,65,0,12,Mon,1
DE,00+,2021-07-06,2021-06-23,65,2,13,Tue,1
DE,00+,2021-07-07,2021-06-23,65,1,14,Wed,1
DE,00+,2021-07-08,2021-06-23,70,0,15,Thu,0
DE,00+,2021-07-09,2021-06-23,70,1,16,Fri,1
DE,00+,2021-07-10,2021-06-23,70,0,17,Sat,1
DE,00+,2021-07-11,2021-06-23,70,0,18,Sun,1
DE,00+,2021-07-12,2021-06-23,70,0,19,Mon,1
DE,00+,2021-07-13,2021-06-23,70,1,20,Tue,1
DE,00+,2021-07-14,2021-06-23,70,0,21,Wed,1
DE,00+,2021-07-15,2021-06-23,72,0,22,Thu,0
DE,00+,2021-07-16,2021-06-23,72,0,23,Fri,1
DE,00+,2021-07-17,2021-06-23,72,0,24,Sat,1
DE,00+,2021-07-18,2021-06-23,72,0,25,Sun,1
DE,00+,2021-07-19,2021-06-23,72,0,26,Mon,1
DE,00+,2021-07-20,2021-06-23,72,0,27,Tue,1
DE,00+,2021-07-21,2021-06-23,72,1,28,Wed,1
DE,00+,2021-07-22,2021-06-23,73,0,29,Thu,0
DE,00+,2021-07-23,2021-06-23,73,0,30,Fri,1
DE,00+,2021-07-24,2021-06-23,73,0,31,Sat,1
DE,00+,2021-07-25,2021-06-23,73,0,32,Sun,1
DE,00+,2021-07-26,2021-06-23,73,1,33,Mon,1
DE,00+,2021-07-27,2021-06-23,73,1,34,Tue,1
DE,00+,2021-07-28,2021-06-23,73,0,35,Wed,1
DE,00+,2021-07-29,2021-06-23,76,1,36,Thu,0
DE,00+,2021-07-30,2021-06-23,76,0,37,Fri,1
DE,00+,2021-07-31,2021-06-23,76,0,38,Sat,1
DE,00+,2021-08-01,2021-06-23,76,0,39,Sun,1
DE,00+,2021-08-02,2021-06-23,76,0,40,Mon,1
DE,00+,2021-08-03,2021-06-23,76,0,41,Tue,1
DE,00+,2021-08-04,2021-06-23,76,0,42,Wed,1
DE,00+,2021-08-05,2021-06-23,76,0,43,Thu,0
DE,00+,2021-08-06,2021-06-23,76,0,44,Fri,1
DE,00+,2021-08-07,2021-06-23,76,0,45,Sat,1
DE,00+,2021-08-08,2021-06-23,76,0,46,Sun,1
DE,00+,2021-08-09,2021-06-23,76,0,47,Mon,1
DE,00+,2021-08-10,2021-06-23,76,0,48,Tue,1
DE,00+,2021-08-11,2021-06-23,76,0,49,Wed,1
DE,00+,2021-08-12,2021-06-23,76,0,50,Thu,0
DE,00+,2021-08-13,2021-06-23,76,0,51,Fri,1
DE,00+,2021-08-14,2021-06-23,76,0,52,Sat,1
DE,00+,2021-08-15,2021-06-23,76,0,53,Sun,1
DE,00+,2021-08-16,2021-06-23,76,0,54,Mon,1
DE,00+,2021-08-17,2021-06-23,76,0,55,Tue,1
DE,00+,2021-08-18,2021-06-23,76,0,56,Wed,1
DE,00+,2021-08-19,2021-06-23,76,0,57,Thu,0
DE,00+,2021-08-20,2021-06-23,76,0,58,Fri,1
DE,00+,2021-08-21,2021-06-23,76,0,59,Sat,1
DE,00+,2021-08-22,2021-06-23,76,0,60,Sun,1
DE,00+,2021-06-24,2021-06-24,34,34,0,Thu,0
DE,00+,2021-06-25,2021-06-24,34,17,1,Fri,1
DE,00+,2021-06-26,2021-06-24,34,4,2,Sat,1
DE,00+,2021-06-27,2021-06-24,34,1,3,Sun,1
DE,00+,2021-06-28,2021-06-24,34,0,4,Mon,1
DE,00+,2021-06-29,2021-06-24,34,0,5,Tue,1
DE,00+,2021-06-30,2021-06-24,34,0,6,Wed,1
DE,00+,2021-07-01,2021-06-24,57,1,7,Thu,0
DE,00+,2021-07-02,2021-06-24,57,1,8,Fri,1
DE,00+,2021-07-03,2021-06-24,57,0,9,Sat,1
DE,00+,2021-07-04,2021-06-24,57,0,10,Sun,1
DE,00+,2021-07-05,2021-06-24,57,0,11,Mon,1
DE,00+,2021-07-06,2021-06-24,57,1,12,Tue,1
DE,00+,2021-07-07,2021-06-24,57,0,13,Wed,1
DE,00+,2021-07-08,2021-06-24,59,0,14,Thu,0
DE,00+,2021-07-09,2021-06-24,59,0,15,Fri,1
DE,00+,2021-07-10,2021-06-24,59,0,16,Sat,1
DE,00+,2021-07-11,2021-06-24,59,0,17,Sun,1
DE,00+,2021-07-12,2021-06-24,59,0,18,Mon,1
DE,00+,2021-07-13,2021-06-24,59,0,19,Tue,1
DE,00+,2021-07-14,2021-06-24,59,0,20,Wed,1
DE,00+,2021-07-15,2021-06-24,59,0,21,Thu,0
DE,00+,2021-07-16,2021-06-24,59,0,22,Fri,1
DE,00+,2021-07-17,2021-06-24,59,0,23,Sat,1
DE,00+,2021-07-18,2021-06-24,59,0,24,Sun,1
DE,00+,2021-07-19,2021-06-24,59,0,25,Mon,1
DE,00+,2021-07-20,2021-06-24,59,0,26,Tue,1
DE,00+,2021-07-21,2021-06-24,59,1,27,Wed,1
DE,00+,2021-07-22,2021-06-24,60,0,28,Thu,0
DE,00+,2021-07-23,2021-06-24,60,0,29,Fri,1
DE,00+,2021-07-24,2021-06-24,60,0,30,Sat,1
DE,00+,2021-07-25,2021-06-24,60,0,31,Sun,1
DE,00+,2021-07-26,2021-06-24,60,0,32,Mon,1
DE,00+,2021-07-27,2021-06-24,60,2,33,Tue,1
DE,00+,2021-07-28,2021-06-24,60,0,34,Wed,1
DE,00+,2021-07-29,2021-06-24,62,0,35,Thu,0
DE,00+,2021-07-30,2021-06-24,62,0,36,Fri,1
DE,00+,2021-07-31,2021-06-24,62,0,37,Sat,1
DE,00+,2021-08-01,2021-06-24,62,0,38,Sun,1
DE,00+,2021-08-02,2021-06-24,62,0,39,Mon,1
DE,00+,2021-08-03,2021-06-24,62,0,40,Tue,1
DE,00+,2021-08-04,2021-06-24,62,0,41,Wed,1
DE,00+,2021-08-05,2021-06-24,62,0,42,Thu,0
DE,00+,2021-08-06,2021-06-24,62,0,43,Fri,1
DE,00+,2021-08-07,2021-06-24,62,0,44,Sat,1
DE,00+,2021-08-08,2021-06-24,62,0,45,Sun,1
DE,00+,2021-08-09,2021-06-24,62,0,46,Mon,1
DE,00+,2021-08-10,2021-06-24,62,0,47,Tue,1
DE,00+,2021-08-11,2021-06-24,62,0,48,Wed,1
DE,00+,2021-08-12,2021-06-24,62,0,49,Thu,0
DE,00+,2021-08-13,2021-06-24,62,0,50,Fri,1
DE,00+,2021-08-14,2021-06-24,62,0,51,Sat,1
DE,00+,2021-08-15,2021-06-24,62,0,52,Sun,1
DE,00+,2021-08-16,2021-06-24,62,0,53,Mon,1
DE,00+,2021-08-17,2021-06-24,62,0,54,Tue,1
DE,00+,2021-08-18,2021-06-24,62,0,55,Wed,1
DE,00+,2021-08-19,2021-06-24,62,0,56,Thu,0
DE,00+,2021-08-20,2021-06-24,62,0,57,Fri,1
DE,00+,2021-08-21,2021-06-24,62,0,58,Sat,1
DE,00+,2021-08-22,2021-06-24,62,0,59,Sun,1
DE,00+,2021-06-25,2021-06-25,0,21,0,Fri,1
DE,00+,2021-06-26,2021-06-25,0,13,1,Sat,1
DE,00+,2021-06-27,2021-06-25,0,2,2,Sun,1
DE,00+,2021-06-28,2021-06-25,0,0,3,Mon,1
DE,00+,2021-06-29,2021-06-25,0,5,4,Tue,1
DE,00+,2021-06-30,2021-06-25,0,2,5,Wed,1
DE,00+,2021-07-01,2021-06-25,44,1,6,Thu,0
DE,00+,2021-07-02,2021-06-25,44,1,7,Fri,1
DE,00+,2021-07-03,2021-06-25,44,2,8,Sat,1
DE,00+,2021-07-04,2021-06-25,44,1,9,Sun,1
DE,00+,2021-07-05,2021-06-25,44,1,10,Mon,1
DE,00+,2021-07-06,2021-06-25,44,0,11,Tue,1
DE,00+,2021-07-07,2021-06-25,44,0,12,Wed,1
DE,00+,2021-07-08,2021-06-25,49,0,13,Thu,0
DE,00+,2021-07-09,2021-06-25,49,0,14,Fri,1
DE,00+,2021-07-10,2021-06-25,49,1,15,Sat,1
DE,00+,2021-07-11,2021-06-25,49,0,16,Sun,1
DE,00+,2021-07-12,2021-06-25,49,0,17,Mon,1
DE,00+,2021-07-13,2021-06-25,49,1,18,Tue,1
DE,00+,2021-07-14,2021-06-25,49,0,19,Wed,1
DE,00+,2021-07-15,2021-06-25,51,0,20,Thu,0
DE,00+,2021-07-16,2021-06-25,51,0,21,Fri,1
DE,00+,2021-07-17,2021-06-25,51,0,22,Sat,1
DE,00+,2021-07-18,2021-06-25,51,0,23,Sun,1
DE,00+,2021-07-19,2021-06-25,51,0,24,Mon,1
DE,00+,2021-07-20,2021-06-25,51,0,25,Tue,1
DE,00+,2021-07-21,2021-06-25,51,0,26,Wed,1
DE,00+,2021-07-22,2021-06-25,51,0,27,Thu,0
DE,00+,2021-07-23,2021-06-25,51,0,28,Fri,1
DE,00+,2021-07-24,2021-06-25,51,0,29,Sat,1
DE,00+,2021-07-25,2021-06-25,51,0,30,Sun,1
DE,00+,2021-07-26,2021-06-25,51,0,31,Mon,1
DE,00+,2021-07-27,2021-06-25,51,2,32,Tue,1
DE,00+,2021-07-28,2021-06-25,51,0,33,Wed,1
DE,00+,2021-07-29,2021-06-25,53,0,34,Thu,0
DE,00+,2021-07-30,2021-06-25,53,0,35,Fri,1
DE,00+,2021-07-31,2021-06-25,53,0,36,Sat,1
DE,00+,2021-08-01,2021-06-25,53,1,37,Sun,1
DE,00+,2021-08-02,2021-06-25,53,0,38,Mon,1
DE,00+,2021-08-03,2021-06-25,53,0,39,Tue,1
DE,00+,2021-08-04,2021-06-25,53,0,40,Wed,1
DE,00+,2021-08-05,2021-06-25,54,0,41,Thu,0
DE,00+,2021-08-06,2021-06-25,54,0,42,Fri,1
DE,00+,2021-08-07,2021-06-25,54,0,43,Sat,1
DE,00+,2021-08-08,2021-06-25,54,0,44,Sun,1
DE,00+,2021-08-09,2021-06-25,54,0,45,Mon,1
DE,00+,2021-08-10,2021-06-25,54,0,46,Tue,1
DE,00+,2021-08-11,2021-06-25,54,0,47,Wed,1
DE,00+,2021-08-12,2021-06-25,54,0,48,Thu,0
DE,00+,2021-08-13,2021-06-25,54,0,49,Fri,1
DE,00+,2021-08-14,2021-06-25,54,0,50,Sat,1
DE,00+,2021-08-15,2021-06-25,54,0,51,Sun,1
DE,00+,2021-08-16,2021-06-25,54,0,52,Mon,1
DE,00+,2021-08-17,2021-06-25,54,0,53,Tue,1
DE,00+,2021-08-18,2021-06-25,54,0,54,Wed,1
DE,00+,2021-08-19,2021-06-25,54,0,55,Thu,0
DE,00+,2021-08-20,2021-06-25,54,0,56,Fri,1
DE,00+,2021-08-21,2021-06-25,54,0,57,Sat,1
DE,00+,2021-08-22,2021-06-25,54,0,58,Sun,1
DE,00+,2021-06-26,2021-06-26,0,16,0,Sat,1
DE,00+,2021-06-27,2021-06-26,0,4,1,Sun,1
DE,00+,2021-06-28,2021-06-26,0,3,2,Mon,1
DE,00+,2021-06-29,2021-06-26,0,5,3,Tue,1
DE,00+,2021-06-30,2021-06-26,0,3,4,Wed,1
DE,00+,2021-07-01,2021-06-26,31,0,5,Thu,0
DE,00+,2021-07-02,2021-06-26,31,2,6,Fri,1
DE,00+,2021-07-03,2021-06-26,31,4,7,Sat,1
DE,00+,2021-07-04,2021-06-26,31,0,8,Sun,1
DE,00+,2021-07-05,2021-06-26,31,0,9,Mon,1
DE,00+,2021-07-06,2021-06-26,31,1,10,Tue,1
DE,00+,2021-07-07,2021-06-26,31,1,11,Wed,1
DE,00+,2021-07-08,2021-06-26,40,1,12,Thu,0
DE,00+,2021-07-09,2021-06-26,40,1,13,Fri,1
DE,00+,2021-07-10,2021-06-26,40,0,14,Sat,1
DE,00+,2021-07-11,2021-06-26,40,1,15,Sun,1
DE,00+,2021-07-12,2021-06-26,40,1,16,Mon,1
DE,00+,2021-07-13,2021-06-26,40,0,17,Tue,1
DE,00+,2021-07-14,2021-06-26,40,0,18,Wed,1
DE,00+,2021-07-15,2021-06-26,43,0,19,Thu,0
DE,00+,2021-07-16,2021-06-26,43,0,20,Fri,1
DE,00+,2021-07-17,2021-06-26,43,0,21,Sat,1
DE,00+,2021-07-18,2021-06-26,43,0,22,Sun,1
DE,00+,2021-07-19,2021-06-26,43,0,23,Mon,1
DE,00+,2021-07-20,2021-06-26,43,0,24,Tue,1
DE,00+,2021-07-21,2021-06-26,43,1,25,Wed,1
DE,00+,2021-07-22,2021-06-26,44,0,26,Thu,0
DE,00+,2021-07-23,2021-06-26,44,0,27,Fri,1
DE,00+,2021-07-24,2021-06-26,44,0,28,Sat,1
DE,00+,2021-07-25,2021-06-26,44,0,29,Sun,1
DE,00+,2021-07-26,2021-06-26,44,0,30,Mon,1
DE,00+,2021-07-27,2021-06-26,44,1,31,Tue,1
DE,00+,2021-07-28,2021-06-26,44,0,32,Wed,1
DE,00+,2021-07-29,2021-06-26,45,0,33,Thu,0
DE,00+,2021-07-30,2021-06-26,45,0,34,Fri,1
DE,00+,2021-07-31,2021-06-26,45,0,35,Sat,1
DE,00+,2021-08-01,2021-06-26,45,0,36,Sun,1
DE,00+,2021-08-02,2021-06-26,45,0,37,Mon,1
DE,00+,2021-08-03,2021-06-26,45,0,38,Tue,1
DE,00+,2021-08-04,2021-06-26,45,0,39,Wed,1
DE,00+,2021-08-05,2021-06-26,45,0,40,Thu,0
DE,00+,2021-08-06,2021-06-26,45,0,41,Fri,1
DE,00+,2021-08-07,2021-06-26,45,0,42,Sat,1
DE,00+,2021-08-08,2021-06-26,45,0,43,Sun,1
DE,00+,2021-08-09,2021-06-26,45,0,44,Mon,1
DE,00+,2021-08-10,2021-06-26,45,0,45,Tue,1
DE,00+,2021-08-11,2021-06-26,45,0,46,Wed,1
DE,00+,2021-08-12,2021-06-26,45,0,47,Thu,0
DE,00+,2021-08-13,2021-06-26,45,0,48,Fri,1
DE,00+,2021-08-14,2021-06-26,45,0,49,Sat,1
DE,00+,2021-08-15,2021-06-26,45,0,50,Sun,1
DE,00+,2021-08-16,2021-06-26,45,0,51,Mon,1
DE,00+,2021-08-17,2021-06-26,45,0,52,Tue,1
DE,00+,2021-08-18,2021-06-26,45,0,53,Wed,1
DE,00+,2021-08-19,2021-06-26,45,0,54,Thu,0
DE,00+,2021-08-20,2021-06-26,45,0,55,Fri,1
DE,00+,2021-08-21,2021-06-26,45,0,56,Sat,1
DE,00+,2021-08-22,2021-06-26,45,0,57,Sun,1
DE,00+,2021-06-27,2021-06-27,0,5,0,Sun,1
DE,00+,2021-06-28,2021-06-27,0,6,1,Mon,1
DE,00+,2021-06-29,2021-06-27,0,5,2,Tue,1
DE,00+,2021-06-30,2021-06-27,0,1,3,Wed,1
DE,00+,2021-07-01,2021-06-27,20,3,4,Thu,0
DE,00+,2021-07-02,2021-06-27,20,3,5,Fri,1
DE,00+,2021-07-03,2021-06-27,20,1,6,Sat,1
DE,00+,2021-07-04,2021-06-27,20,0,7,Sun,1
DE,00+,2021-07-05,2021-06-27,20,0,8,Mon,1
DE,00+,2021-07-06,2021-06-27,20,0,9,Tue,1
DE,00+,2021-07-07,2021-06-27,20,1,10,Wed,1
DE,00+,2021-07-08,2021-06-27,26,1,11,Thu,0
DE,00+,2021-07-09,2021-06-27,26,1,12,Fri,1
DE,00+,2021-07-10,2021-06-27,26,1,13,Sat,1
DE,00+,2021-07-11,2021-06-27,26,0,14,Sun,1
DE,00+,2021-07-12,2021-06-27,26,0,15,Mon,1
DE,00+,2021-07-13,2021-06-27,26,0,16,Tue,1
DE,00+,2021-07-14,2021-06-27,26,0,17,Wed,1
DE,00+,2021-07-15,2021-06-27,28,0,18,Thu,0
DE,00+,2021-07-16,2021-06-27,28,0,19,Fri,1
DE,00+,2021-07-17,2021-06-27,28,1,20,Sat,1
DE,00+,2021-07-18,2021-06-27,28,0,21,Sun,1
DE,00+,2021-07-19,2021-06-27,28,0,22,Mon,1
DE,00+,2021-07-20,2021-06-27,28,0,23,Tue,1
DE,00+,2021-07-21,2021-06-27,28,1,24,Wed,1
DE,00+,2021-07-22,2021-06-27,30,0,25,Thu,0
DE,00+,2021-07-23,2021-06-27,30,0,26,Fri,1
DE,00+,2021-07-24,2021-06-27,30,0,27,Sat,1
DE,00+,2021-07-25,2021-06-27,30,0,28,Sun,1
DE,00+,2021-07-26,2021-06-27,30,0,29,Mon,1
DE,00+,2021-07-27,2021-06-27,30,1,30,Tue,1
DE,00+,2021-07-28,2021-06-27,30,0,31,Wed,1
DE,00+,2021-07-29,2021-06-27,31,0,32,Thu,0
DE,00+,2021-07-30,2021-06-27,31,0,33,Fri,1
DE,00+,2021-07-31,2021-06-27,31,0,34,Sat,1
DE,00+,2021-08-01,2021-06-27,31,0,35,Sun,1
DE,00+,2021-08-02,2021-06-27,31,0,36,Mon,1
DE,00+,2021-08-03,2021-06-27,31,0,37,Tue,1
DE,00+,2021-08-04,2021-06-27,31,0,38,Wed,1
DE,00+,2021-08-05,2021-06-27,31,0,39,Thu,0
DE,00+,2021-08-06,2021-06-27,31,0,40,Fri,1
DE,00+,2021-08-07,2021-06-27,31,0,41,Sat,1
DE,00+,2021-08-08,2021-06-27,31,0,42,Sun,1
DE,00+,2021-08-09,2021-06-27,31,0,43,Mon,1
DE,00+,2021-08-10,2021-06-27,31,2,44,Tue,1
DE,00+,2021-08-11,2021-06-27,31,0,45,Wed,1
DE,00+,2021-08-12,2021-06-27,33,0,46,Thu,0
DE,00+,2021-08-13,2021-06-27,33,0,47,Fri,1
DE,00+,2021-08-14,2021-06-27,33,0,48,Sat,1
DE,00+,2021-08-15,2021-06-27,33,0,49,Sun,1
DE,00+,2021-08-16,2021-06-27,33,0,50,Mon,1
DE,00+,2021-08-17,2021-06-27,33,0,51,Tue,1
DE,00+,2021-08-18,2021-06-27,33,0,52,Wed,1
DE,00+,2021-08-19,2021-06-27,33,0,53,Thu,0
DE,00+,2021-08-20,2021-06-27,33,0,54,Fri,1
DE,00+,2021-08-21,2021-06-27,33,0,55,Sat,1
DE,00+,2021-08-22,2021-06-27,33,0,56,Sun,1
DE,00+,2021-06-28,2021-06-28,0,3,0,Mon,1
DE,00+,2021-06-29,2021-06-28,0,5,1,Tue,1
DE,00+,2021-06-30,2021-06-28,0,2,2,Wed,1
DE,00+,2021-07-01,2021-06-28,11,1,3,Thu,0
DE,00+,2021-07-02,2021-06-28,11,0,4,Fri,1
DE,00+,2021-07-03,2021-06-28,11,1,5,Sat,1
DE,00+,2021-07-04,2021-06-28,11,0,6,Sun,1
DE,00+,2021-07-05,2021-06-28,11,0,7,Mon,1
DE,00+,2021-07-06,2021-06-28,11,0,8,Tue,1
DE,00+,2021-07-07,2021-06-28,11,0,9,Wed,1
DE,00+,2021-07-08,2021-06-28,13,1,10,Thu,0
DE,00+,2021-07-09,2021-06-28,13,0,11,Fri,1
DE,00+,2021-07-10,2021-06-28,13,2,12,Sat,1
DE,00+,2021-07-11,2021-06-28,13,0,13,Sun,1
DE,00+,2021-07-12,2021-06-28,13,0,14,Mon,1
DE,00+,2021-07-13,2021-06-28,13,0,15,Tue,1
DE,00+,2021-07-14,2021-06-28,13,1,16,Wed,1
DE,00+,2021-07-15,2021-06-28,17,1,17,Thu,0
DE,00+,2021-07-16,2021-06-28,17,0,18,Fri,1
DE,00+,2021-07-17,2021-06-28,17,0,19,Sat,1
DE,00+,2021-07-18,2021-06-28,17,0,20,Sun,1
DE,00+,2021-07-19,2021-06-28,17,0,21,Mon,1
DE,00+,2021-07-20,2021-06-28,17,0,22,Tue,1
DE,00+,2021-07-21,2021-06-28,17,0,23,Wed,1
DE,00+,2021-07-22,2021-06-28,17,0,24,Thu,0
DE,00+,2021-07-23,2021-06-28,17,0,25,Fri,1
DE,00+,2021-07-24,2021-06-28,17,0,26,Sat,1
DE,00+,2021-07-25,2021-06-28,17,0,27,Sun,1
DE,00+,2021-07-26,2021-06-28,17,0,28,Mon,1
DE,00+,2021-07-27,2021-06-28,17,0,29,Tue,1
DE,00+,2021-07-28,2021-06-28,17,0,30,Wed,1
DE,00+,2021-07-29,2021-06-28,17,0,31,Thu,0
DE,00+,2021-07-30,2021-06-28,17,0,32,Fri,1
DE,00+,2021-07-31,2021-06-28,17,0,33,Sat,1
DE,00+,2021-08-01,2021-06-28,17,0,34,Sun,1
DE,00+,2021-08-02,2021-06-28,17,0,35,Mon,1
DE,00+,2021-08-03,2021-06-28,17,0,36,Tue,1
DE,00+,2021-08-04,2021-06-28,17,0,37,Wed,1
DE,00+,2021-08-05,2021-06-28,17,0,38,Thu,0
DE,00+,2021-08-06,2021-06-28,17,0,39,Fri,1
DE,00+,2021-08-07,2021-06-28,17,0,40,Sat,1
DE,00+,2021-08-08,2021-06-28,17,0,41,Sun,1
DE,00+,2021-08-09,2021-06-28,17,0,42,Mon,1
DE,00+,2021-08-10,2021-06-28,17,0,43,Tue,1
DE,00+,2021-08-11,2021-06-28,17,0,44,Wed,1
DE,00+,2021-08-12,2021-06-28,17,0,45,Thu,0
DE,00+,2021-08-13,2021-06-28,17,0,46,Fri,1
DE,00+,2021-08-14,2021-06-28,17,0,47,Sat,1
DE,00+,2021-08-15,2021-06-28,17,0,48,Sun,1
DE,00+,2021-08-16,2021-06-28,17,0,49,Mon,1
DE,00+,2021-08-17,2021-06-28,17,0,50,Tue,1
DE,00+,2021-08-18,2021-06-28,17,0,51,Wed,1
DE,00+,2021-08-19,2021-06-28,17,0,52,Thu,0
DE,00+,2021-08-20,2021-06-28,17,0,53,Fri,1
DE,00+,2021-08-21,2021-06-28,17,0,54,Sat,1
DE,00+,2021-08-22,2021-06-28,17,0,55,Sun,1
DE,00+,2021-06-29,2021-06-29,0,20,0,Tue,1
DE,00+,2021-06-30,2021-06-29,0,11,1,Wed,1
DE,00+,2021-07-01,2021-06-29,35,4,2,Thu,0
DE,00+,2021-07-02,2021-06-29,35,0,3,Fri,1
DE,00+,2021-07-03,2021-06-29,35,2,4,Sat,1
DE,00+,2021-07-04,2021-06-29,35,0,5,Sun,1
DE,00+,2021-07-05,2021-06-29,35,0,6,Mon,1
DE,00+,2021-07-06,2021-06-29,35,3,7,Tue,1
DE,00+,2021-07-07,2021-06-29,35,0,8,Wed,1
DE,00+,2021-07-08,2021-06-29,42,2,9,Thu,0
DE,00+,2021-07-09,2021-06-29,42,0,10,Fri,1
DE,00+,2021-07-10,2021-06-29,42,0,11,Sat,1
DE,00+,2021-07-11,2021-06-29,42,0,12,Sun,1
DE,00+,2021-07-12,2021-06-29,42,1,13,Mon,1
DE,00+,2021-07-13,2021-06-29,42,0,14,Tue,1
DE,00+,2021-07-14,2021-06-29,42,1,15,Wed,1
DE,00+,2021-07-15,2021-06-29,44,0,16,Thu,0
DE,00+,2021-07-16,2021-06-29,44,0,17,Fri,1
DE,00+,2021-07-17,2021-06-29,44,0,18,Sat,1
DE,00+,2021-07-18,2021-06-29,44,0,19,Sun,1
DE,00+,2021-07-19,2021-06-29,44,0,20,Mon,1
DE,00+,2021-07-20,2021-06-29,44,0,21,Tue,1
DE,00+,2021-07-21,2021-06-29,44,0,22,Wed,1
DE,00+,2021-07-22,2021-06-29,44,0,23,Thu,0
DE,00+,2021-07-23,2021-06-29,44,0,24,Fri,1
DE,00+,2021-07-24,2021-06-29,44,0,25,Sat,1
DE,00+,2021-07-25,2021-06-29,44,0,26,Sun,1
DE,00+,2021-07-26,2021-06-29,44,0,27,Mon,1
DE,00+,2021-07-27,2021-06-29,44,2,28,Tue,1
DE,00+,2021-07-28,2021-06-29,44,0,29,Wed,1
DE,00+,2021-07-29,2021-06-29,46,0,30,Thu,0
DE,00+,2021-07-30,2021-06-29,46,0,31,Fri,1
DE,00+,2021-07-31,2021-06-29,46,0,32,Sat,1
DE,00+,2021-08-01,2021-06-29,46,0,33,Sun,1
DE,00+,2021-08-02,2021-06-29,46,0,34,Mon,1
DE,00+,2021-08-03,2021-06-29,46,0,35,Tue,1
DE,00+,2021-08-04,2021-06-29,46,2,36,Wed,1
DE,00+,2021-08-05,2021-06-29,48,0,37,Thu,0
DE,00+,2021-08-06,2021-06-29,48,0,38,Fri,1
DE,00+,2021-08-07,2021-06-29,48,0,39,Sat,1
DE,00+,2021-08-08,2021-06-29,48,0,40,Sun,1
DE,00+,2021-08-09,2021-06-29,48,0,41,Mon,1
DE,00+,2021-08-10,2021-06-29,48,0,42,Tue,1
DE,00+,2021-08-11,2021-06-29,48,0,43,Wed,1
DE,00+,2021-08-12,2021-06-29,48,0,44,Thu,0
DE,00+,2021-08-13,2021-06-29,48,0,45,Fri,1
DE,00+,2021-08-14,2021-06-29,48,0,46,Sat,1
DE,00+,2021-08-15,2021-06-29,48,0,47,Sun,1
DE,00+,2021-08-16,2021-06-29,48,0,48,Mon,1
DE,00+,2021-08-17,2021-06-29,48,0,49,Tue,1
DE,00+,2021-08-18,2021-06-29,48,0,50,Wed,1
DE,00+,2021-08-19,2021-06-29,48,0,51,Thu,0
DE,00+,2021-08-20,2021-06-29,48,0,52,Fri,1
DE,00+,2021-08-21,2021-06-29,48,0,53,Sat,1
DE,00+,2021-08-22,2021-06-29,48,0,54,Sun,1
DE,00+,2021-06-30,2021-06-30,0,20,0,Wed,1
DE,00+,2021-07-01,2021-06-30,37,17,1,Thu,0
DE,00+,2021-07-02,2021-06-30,37,5,2,Fri,1
DE,00+,2021-07-03,2021-06-30,37,5,3,Sat,1
DE,00+,2021-07-04,2021-06-30,37,0,4,Sun,1
DE,00+,2021-07-05,2021-06-30,37,0,5,Mon,1
DE,00+,2021-07-06,2021-06-30,37,3,6,Tue,1
DE,00+,2021-07-07,2021-06-30,37,0,7,Wed,1
DE,00+,2021-07-08,2021-06-30,50,0,8,Thu,0
DE,00+,2021-07-09,2021-06-30,50,1,9,Fri,1
DE,00+,2021-07-10,2021-06-30,50,0,10,Sat,1
DE,00+,2021-07-11,2021-06-30,50,0,11,Sun,1
DE,00+,2021-07-12,2021-06-30,50,0,12,Mon,1
DE,00+,2021-07-13,2021-06-30,50,0,13,Tue,1
DE,00+,2021-07-14,2021-06-30,50,5,14,Wed,1
DE,00+,2021-07-15,2021-06-30,57,1,15,Thu,0
DE,00+,2021-07-16,2021-06-30,57,1,16,Fri,1
DE,00+,2021-07-17,2021-06-30,57,0,17,Sat,1
DE,00+,2021-07-18,2021-06-30,57,0,18,Sun,1
DE,00+,2021-07-19,2021-06-30,57,0,19,Mon,1
DE,00+,2021-07-20,2021-06-30,57,1,20,Tue,1
DE,00+,2021-07-21,2021-06-30,57,0,21,Wed,1
DE,00+,2021-07-22,2021-06-30,59,0,22,Thu,0
DE,00+,2021-07-23,2021-06-30,59,0,23,Fri,1
DE,00+,2021-07-24,2021-06-30,59,0,24,Sat,1
DE,00+,2021-07-25,2021-06-30,59,0,25,Sun,1
DE,00+,2021-07-26,2021-06-30,59,0,26,Mon,1
DE,00+,2021-07-27,2021-06-30,59,2,27,Tue,1
DE,00+,2021-07-28,2021-06-30,59,0,28,Wed,1
DE,00+,2021-07-29,2021-06-30,61,0,29,Thu,0
DE,00+,2021-07-30,2021-06-30,61,0,30,Fri,1
DE,00+,2021-07-31,2021-06-30,61,0,31,Sat,1
DE,00+,2021-08-01,2021-06-30,61,0,32,Sun,1
DE,00+,2021-08-02,2021-06-30,61,0,33,Mon,1
DE,00+,2021-08-03,2021-06-30,61,0,34,Tue,1
DE,00+,2021-08-04,2021-06-30,61,0,35,Wed,1
DE,00+,2021-08-05,2021-06-30,61,0,36,Thu,0
DE,00+,2021-08-06,2021-06-30,61,0,37,Fri,1
DE,00+,2021-08-07,2021-06-30,61,0,38,Sat,1
DE,00+,2021-08-08,2021-06-30,61,0,39,Sun,1
DE,00+,2021-08-09,2021-06-30,61,0,40,Mon,1
DE,00+,2021-08-10,2021-06-30,61,0,41,Tue,1
DE,00+,2021-08-11,2021-06-30,61,0,42,Wed,1
DE,00+,2021-08-12,2021-06-30,61,0,43,Thu,0
DE,00+,2021-08-13,2021-06-30,61,0,44,Fri,1
DE,00+,2021-08-14,2021-06-30,61,0,45,Sat,1
DE,00+,2021-08-15,2021-06-30,61,0,46,Sun,1
DE,00+,2021-08-16,2021-06-30,61,0,47,Mon,1
DE,00+,2021-08-17,2021-06-30,61,0,48,Tue,1
DE,00+,2021-08-18,2021-06-30,61,0,49,Wed,1
DE,00+,2021-08-19,2021-06-30,61,0,50,Thu,0
DE,00+,2021-08-20,2021-06-30,61,0,51,Fri,1
DE,00+,2021-08-21,2021-06-30,61,0,52,Sat,1
DE,00+,2021-08-22,2021-06-30,61,0,53,Sun,1
DE,00+,2021-07-01,2021-07-01,20,20,0,Thu,0
DE,00+,2021-07-02,2021-07-01,20,16,1,Fri,1
DE,00+,2021-07-03,2021-07-01,20,7,2,Sat,1
DE,00+,2021-07-04,2021-07-01,20,1,3,Sun,1
DE,00+,2021-07-05,2021-07-01,20,0,4,Mon,1
DE,00+,2021-07-06,2021-07-01,20,5,5,Tue,1
DE,00+,2021-07-07,2021-07-01,20,0,6,Wed,1
DE,00+,2021-07-08,2021-07-01,49,0,7,Thu,0
DE,00+,2021-07-09,2021-07-01,49,0,8,Fri,1
DE,00+,2021-07-10,2021-07-01,49,0,9,Sat,1
DE,00+,2021-07-11,2021-07-01,49,0,10,Sun,1
DE,00+,2021-07-12,2021-07-01,49,0,11,Mon,1
DE,00+,2021-07-13,2021-07-01,49,0,12,Tue,1
DE,00+,2021-07-14,2021-07-01,49,4,13,Wed,1
DE,00+,2021-07-15,2021-07-01,53,0,14,Thu,0
DE,00+,2021-07-16,2021-07-01,53,1,15,Fri,1
DE,00+,2021-07-17,2021-07-01,53,1,16,Sat,1
DE,00+,2021-07-18,2021-07-01,53,0,17,Sun,1
DE,00+,2021-07-19,2021-07-01,53,0,18,Mon,1
DE,00+,2021-07-20,2021-07-01,53,1,19,Tue,1
DE,00+,2021-07-21,2021-07-01,53,0,20,Wed,1
DE,00+,2021-07-22,2021-07-01,56,0,21,Thu,0
DE,00+,2021-07-23,2021-07-01,56,0,22,Fri,1
DE,00+,2021-07-24,2021-07-01,56,0,23,Sat,1
DE,00+,2021-07-25,2021-07-01,56,0,24,Sun,1
DE,00+,2021-07-26,2021-07-01,56,0,25,Mon,1
DE,00+,2021-07-27,2021-07-01,56,1,26,Tue,1
DE,00+,2021-07-28,2021-07-01,56,0,27,Wed,1
DE,00+,2021-07-29,2021-07-01,57,0,28,Thu,0
DE,00+,2021-07-30,2021-07-01,57,0,29,Fri,1
DE,00+,2021-07-31,2021-07-01,57,0,30,Sat,1
DE,00+,2021-08-01,2021-07-01,57,0,31,Sun,1
DE,00+,2021-08-02,2021-07-01,57,0,32,Mon,1
DE,00+,2021-08-03,2021-07-01,57,0,33,Tue,1
DE,00+,2021-08-04,2021-07-01,57,0,34,Wed,1
DE,00+,2021-08-05,2021-07-01,57,0,35,Thu,0
DE,00+,2021-08-06,2021-07-01,57,0,36,Fri,1
DE,00+,2021-08-07,2021-07-01,57,0,37,Sat,1
DE,00+,2021-08-08,2021-07-01,57,0,38,Sun,1
DE,00+,2021-08-09,2021-07-01,57,0,39,Mon,1
DE,00+,2021-08-10,2021-07-01,57,0,40,Tue,1
DE,00+,2021-08-11,2021-07-01,57,0,41,Wed,1
DE,00+,2021-08-12,2021-07-01,57,0,42,Thu,0
DE,00+,2021-08-13,2021-07-01,57,0,43,Fri,1
DE,00+,2021-08-14,2021-07-01,57,0,44,Sat,1
DE,00+,2021-08-15,2021-07-01,57,0,45,Sun,1
DE,00+,2021-08-16,2021-07-01,57,0,46,Mon,1
DE,00+,2021-08-17,2021-07-01,57,0,47,Tue,1
DE,00+,2021-08-18,2021-07-01,57,0,48,Wed,1
DE,00+,2021-08-19,2021-07-01,57,0,49,Thu,0
DE,00+,2021-08-20,2021-07-01,57,0,50,Fri,1
DE,00+,2021-08-21,2021-07-01,57,0,51,Sat,1
DE,00+,2021-08-22,2021-07-01,57,0,52,Sun,1
DE,00+,2021-07-02,2021-07-02,0,19,0,Fri,1
DE,00+,2021-07-03,2021-07-02,0,14,1,Sat,1
DE,00+,2021-07-04,2021-07-02,0,0,2,Sun,1
DE,00+,2021-07-05,2021-07-02,0,2,3,Mon,1
DE,00+,2021-07-06,2021-07-02,0,2,4,Tue,1
DE,00+,2021-07-07,2021-07-02,0,1,5,Wed,1
DE,00+,2021-07-08,2021-07-02,40,2,6,Thu,0
DE,00+,2021-07-09,2021-07-02,40,2,7,Fri,1
DE,00+,2021-07-10,2021-07-02,40,0,8,Sat,1
DE,00+,2021-07-11,2021-07-02,40,2,9,Sun,1
DE,00+,2021-07-12,2021-07-02,40,1,10,Mon,1
DE,00+,2021-07-13,2021-07-02,40,0,11,Tue,1
DE,00+,2021-07-14,2021-07-02,40,1,12,Wed,1
DE,00+,2021-07-15,2021-07-02,46,0,13,Thu,0
DE,00+,2021-07-16,2021-07-02,46,3,14,Fri,1
DE,00+,2021-07-17,2021-07-02,46,1,15,Sat,1
DE,00+,2021-07-18,2021-07-02,46,0,16,Sun,1
DE,00+,2021-07-19,2021-07-02,46,0,17,Mon,1
DE,00+,2021-07-20,2021-07-02,46,0,18,Tue,1
DE,00+,2021-07-21,2021-07-02,46,4,19,Wed,1
DE,00+,2021-07-22,2021-07-02,54,0,20,Thu,0
DE,00+,2021-07-23,2021-07-02,54,0,21,Fri,1
DE,00+,2021-07-24,2021-07-02,54,0,22,Sat,1
DE,00+,2021-07-25,2021-07-02,54,0,23,Sun,1
DE,00+,2021-07-26,2021-07-02,54,1,24,Mon,1
DE,00+,2021-07-27,2021-07-02,54,4,25,Tue,1
DE,00+,2021-07-28,2021-07-02,54,0,26,Wed,1
DE,00+,2021-07-29,2021-07-02,59,0,27,Thu,0
DE,00+,2021-07-30,2021-07-02,59,0,28,Fri,1
DE,00+,2021-07-31,2021-07-02,59,0,29,Sat,1
DE,00+,2021-08-01,2021-07-02,59,0,30,Sun,1
DE,00+,2021-08-02,2021-07-02,59,0,31,Mon,1
DE,00+,2021-08-03,2021-07-02,59,0,32,Tue,1
DE,00+,2021-08-04,2021-07-02,59,0,33,Wed,1
DE,00+,2021-08-05,2021-07-02,59,0,34,Thu,0
DE,00+,2021-08-06,2021-07-02,59,1,35,Fri,1
DE,00+,2021-08-07,2021-07-02,59,0,36,Sat,1
DE,00+,2021-08-08,2021-07-02,59,0,37,Sun,1
DE,00+,2021-08-09,2021-07-02,59,0,38,Mon,1
DE,00+,2021-08-10,2021-07-02,59,0,39,Tue,1
DE,00+,2021-08-11,2021-07-02,59,0,40,Wed,1
DE,00+,2021-08-12,2021-07-02,60,0,41,Thu,0
DE,00+,2021-08-13,2021-07-02,60,0,42,Fri,1
DE,00+,2021-08-14,2021-07-02,60,0,43,Sat,1
DE,00+,2021-08-15,2021-07-02,60,0,44,Sun,1
DE,00+,2021-08-16,2021-07-02,60,0,45,Mon,1
DE,00+,2021-08-17,2021-07-02,60,0,46,Tue,1
DE,00+,2021-08-18,2021-07-02,60,0,47,Wed,1
DE,00+,2021-08-19,2021-07-02,60,0,48,Thu,0
DE,00+,2021-08-20,2021-07-02,60,0,49,Fri,1
DE,00+,2021-08-21,2021-07-02,60,0,50,Sat,1
DE,00+,2021-08-22,2021-07-02,60,0,51,Sun,1
DE,00+,2021-07-03,2021-07-03,0,11,0,Sat,1
DE,00+,2021-07-04,2021-07-03,0,9,1,Sun,1
DE,00+,2021-07-05,2021-07-03,0,1,2,Mon,1
DE,00+,2021-07-06,2021-07-03,0,4,3,Tue,1
DE,00+,2021-07-07,2021-07-03,0,2,4,Wed,1
DE,00+,2021-07-08,2021-07-03,29,2,5,Thu,0
DE,00+,2021-07-09,2021-07-03,29,5,6,Fri,1
DE,00+,2021-07-10,2021-07-03,29,0,7,Sat,1
DE,00+,2021-07-11,2021-07-03,29,2,8,Sun,1
DE,00+,2021-07-12,2021-07-03,29,0,9,Mon,1
DE,00+,2021-07-13,2021-07-03,29,1,10,Tue,1
DE,00+,2021-07-14,2021-07-03,29,0,11,Wed,1
DE,00+,2021-07-15,2021-07-03,38,1,12,Thu,0
DE,00+,2021-07-16,2021-07-03,38,1,13,Fri,1
DE,00+,2021-07-17,2021-07-03,38,0,14,Sat,1
DE,00+,2021-07-18,2021-07-03,38,0,15,Sun,1
DE,00+,2021-07-19,2021-07-03,38,0,16,Mon,1
DE,00+,2021-07-20,2021-07-03,38,0,17,Tue,1
DE,00+,2021-07-21,2021-07-03,38,0,18,Wed,1
DE,00+,2021-07-22,2021-07-03,39,0,19,Thu,0
DE,00+,2021-07-23,2021-07-03,39,0,20,Fri,1
DE,00+,2021-07-24,2021-07-03,39,1,21,Sat,1
DE,00+,2021-07-25,2021-07-03,39,0,22,Sun,1
DE,00+,2021-07-26,2021-07-03,39,0,23,Mon,1
DE,00+,2021-07-27,2021-07-03,39,1,24,Tue,1
DE,00+,2021-07-28,2021-07-03,39,0,25,Wed,1
DE,00+,2021-07-29,2021-07-03,41,0,26,Thu,0
DE,00+,2021-07-30,2021-07-03,41,2,27,Fri,1
DE,00+,2021-07-31,2021-07-03,41,0,28,Sat,1
DE,00+,2021-08-01,2021-07-03,41,0,29,Sun,1
DE,00+,2021-08-02,2021-07-03,41,0,30,Mon,1
DE,00+,2021-08-03,2021-07-03,41,0,31,Tue,1
DE,00+,2021-08-04,2021-07-03,41,0,32,Wed,1
DE,00+,2021-08-05,2021-07-03,43,0,33,Thu,0
DE,00+,2021-08-06,2021-07-03,43,0,34,Fri,1
DE,00+,2021-08-07,2021-07-03,43,0,35,Sat,1
DE,00+,2021-08-08,2021-07-03,43,0,36,Sun,1
DE,00+,2021-08-09,2021-07-03,43,0,37,Mon,1
DE,00+,2021-08-10,2021-07-03,43,0,38,Tue,1
DE,00+,2021-08-11,2021-07-03,43,0,39,Wed,1
DE,00+,2021-08-12,2021-07-03,43,0,40,Thu,0
DE,00+,2021-08-13,2021-07-03,43,0,41,Fri,1
DE,00+,2021-08-14,2021-07-03,43,0,42,Sat,1
DE,00+,2021-08-15,2021-07-03,43,0,43,Sun,1
DE,00+,2021-08-16,2021-07-03,43,0,44,Mon,1
DE,00+,2021-08-17,2021-07-03,43,0,45,Tue,1
DE,00+,2021-08-18,2021-07-03,43,0,46,Wed,1
DE,00+,2021-08-19,2021-07-03,43,0,47,Thu,0
DE,00+,2021-08-20,2021-07-03,43,0,48,Fri,1
DE,00+,2021-08-21,2021-07-03,43,0,49,Sat,1
DE,00+,2021-08-22,2021-07-03,43,0,50,Sun,1
DE,00+,2021-07-04,2021-07-04,0,2,0,Sun,1
DE,00+,2021-07-05,2021-07-04,0,4,1,Mon,1
DE,00+,2021-07-06,2021-07-04,0,3,2,Tue,1
DE,00+,2021-07-07,2021-07-04,0,1,3,Wed,1
DE,00+,2021-07-08,2021-07-04,12,2,4,Thu,0
DE,00+,2021-07-09,2021-07-04,12,0,5,Fri,1
DE,00+,2021-07-10,2021-07-04,12,3,6,Sat,1
DE,00+,2021-07-11,2021-07-04,12,0,7,Sun,1
DE,00+,2021-07-12,2021-07-04,12,0,8,Mon,1
DE,00+,2021-07-13,2021-07-04,12,1,9,Tue,1
DE,00+,2021-07-14,2021-07-04,12,1,10,Wed,1
DE,00+,2021-07-15,2021-07-04,18,1,11,Thu,0
DE,00+,2021-07-16,2021-07-04,18,1,12,Fri,1
DE,00+,2021-07-17,2021-07-04,18,0,13,Sat,1
DE,00+,2021-07-18,2021-07-04,18,0,14,Sun,1
DE,00+,2021-07-19,2021-07-04,18,0,15,Mon,1
DE,00+,2021-07-20,2021-07-04,18,1,16,Tue,1
DE,00+,2021-07-21,2021-07-04,18,1,17,Wed,1
DE,00+,2021-07-22,2021-07-04,21,0,18,Thu,0
DE,00+,2021-07-23,2021-07-04,21,0,19,Fri,1
DE,00+,2021-07-24,2021-07-04,21,0,20,Sat,1
DE,00+,2021-07-25,2021-07-04,21,0,21,Sun,1
DE,00+,2021-07-26,2021-07-04,21,0,22,Mon,1
DE,00+,2021-07-27,2021-07-04,21,0,23,Tue,1
DE,00+,2021-07-28,2021-07-04,21,2,24,Wed,1
DE,00+,2021-07-29,2021-07-04,23,0,25,Thu,0
DE,00+,2021-07-30,2021-07-04,23,0,26,Fri,1
DE,00+,2021-07-31,2021-07-04,23,0,27,Sat,1
DE,00+,2021-08-01,2021-07-04,23,0,28,Sun,1
DE,00+,2021-08-02,2021-07-04,23,0,29,Mon,1
DE,00+,2021-08-03,2021-07-04,23,0,30,Tue,1
DE,00+,2021-08-04,2021-07-04,23,0,31,Wed,1
DE,00+,2021-08-05,2021-07-04,23,0,32,Thu,0
DE,00+,2021-08-06,2021-07-04,23,0,33,Fri,1
DE,00+,2021-08-07,2021-07-04,23,0,34,Sat,1
DE,00+,2021-08-08,2021-07-04,23,0,35,Sun,1
DE,00+,2021-08-09,2021-07-04,23,0,36,Mon,1
DE,00+,2021-08-10,2021-07-04,23,2,37,Tue,1
DE,00+,2021-08-11,2021-07-04,23,0,38,Wed,1
DE,00+,2021-08-12,2021-07-04,25,0,39,Thu,0
DE,00+,2021-08-13,2021-07-04,25,0,40,Fri,1
DE,00+,2021-08-14,2021-07-04,25,0,41,Sat,1
DE,00+,2021-08-15,2021-07-04,25,0,42,Sun,1
DE,00+,2021-08-16,2021-07-04,25,0,43,Mon,1
DE,00+,2021-08-17,2021-07-04,25,0,44,Tue,1
DE,00+,2021-08-18,2021-07-04,25,0,45,Wed,1
DE,00+,2021-08-19,2021-07-04,25,0,46,Thu,0
DE,00+,2021-08-20,2021-07-04,25,0,47,Fri,1
DE,00+,2021-08-21,2021-07-04,25,0,48,Sat,1
DE,00+,2021-08-22,2021-07-04,25,0,49,Sun,1
DE,00+,2021-07-05,2021-07-05,0,4,0,Mon,1
DE,00+,2021-07-06,2021-07-05,0,5,1,Tue,1
DE,00+,2021-07-07,2021-07-05,0,0,2,Wed,1
DE,00+,2021-07-08,2021-07-05,10,1,3,Thu,0
DE,00+,2021-07-09,2021-07-05,10,0,4,Fri,1
DE,00+,2021-07-10,2021-07-05,10,0,5,Sat,1
DE,00+,2021-07-11,2021-07-05,10,0,6,Sun,1
DE,00+,2021-07-12,2021-07-05,10,0,7,Mon,1
DE,00+,2021-07-13,2021-07-05,10,0,8,Tue,1
DE,00+,2021-07-14,2021-07-05,10,1,9,Wed,1
DE,00+,2021-07-15,2021-07-05,11,0,10,Thu,0
DE,00+,2021-07-16,2021-07-05,11,0,11,Fri,1
DE,00+,2021-07-17,2021-07-05,11,0,12,Sat,1
DE,00+,2021-07-18,2021-07-05,11,0,13,Sun,1
DE,00+,2021-07-19,2021-07-05,11,0,14,Mon,1
DE,00+,2021-07-20,2021-07-05,11,0,15,Tue,1
DE,00+,2021-07-21,2021-07-05,11,0,16,Wed,1
DE,00+,2021-07-22,2021-07-05,12,1,17,Thu,0
DE,00+,2021-07-23,2021-07-05,12,0,18,Fri,1
DE,00+,2021-07-24,2021-07-05,12,0,19,Sat,1
DE,00+,2021-07-25,2021-07-05,12,0,20,Sun,1
DE,00+,2021-07-26,2021-07-05,12,0,21,Mon,1
DE,00+,2021-07-27,2021-07-05,12,2,22,Tue,1
DE,00+,2021-07-28,2021-07-05,12,1,23,Wed,1
DE,00+,2021-07-29,2021-07-05,15,0,24,Thu,0
DE,00+,2021-07-30,2021-07-05,15,0,25,Fri,1
DE,00+,2021-07-31,2021-07-05,15,0,26,Sat,1
DE,00+,2021-08-01,2021-07-05,15,0,27,Sun,1
DE,00+,2021-08-02,2021-07-05,15,0,28,Mon,1
DE,00+,2021-08-03,2021-07-05,15,0,29,Tue,1
DE,00+,2021-08-04,2021-07-05,15,0,30,Wed,1
DE,00+,2021-08-05,2021-07-05,15,0,31,Thu,0
DE,00+,2021-08-06,2021-07-05,15,0,32,Fri,1
DE,00+,2021-08-07,2021-07-05,15,0,33,Sat,1
DE,00+,2021-08-08,2021-07-05,15,0,34,Sun,1
DE,00+,2021-08-09,2021-07-05,15,0,35,Mon,1
DE,00+,2021-08-10,2021-07-05,15,0,36,Tue,1
DE,00+,2021-08-11,2021-07-05,15,0,37,Wed,1
DE,00+,2021-08-12,2021-07-05,15,0,38,Thu,0
DE,00+,2021-08-13,2021-07-05,15,0,39,Fri,1
DE,00+,2021-08-14,2021-07-05,15,0,40,Sat,1
DE,00+,2021-08-15,2021-07-05,15,0,41,Sun,1
DE,00+,2021-08-16,2021-07-05,15,0,42,Mon,1
DE,00+,2021-08-17,2021-07-05,15,0,43,Tue,1
DE,00+,2021-08-18,2021-07-05,15,0,44,Wed,1
DE,00+,2021-08-19,2021-07-05,15,0,45,Thu,0
DE,00+,2021-08-20,2021-07-05,15,0,46,Fri,1
DE,00+,2021-08-21,2021-07-05,15,0,47,Sat,1
DE,00+,2021-08-22,2021-07-05,15,0,48,Sun,1
DE,00+,2021-07-06,2021-07-06,0,24,0,Tue,1
DE,00+,2021-07-07,2021-07-06,0,15,1,Wed,1
DE,00+,2021-07-08,2021-07-06,40,1,2,Thu,0
DE,00+,2021-07-09,2021-07-06,40,1,3,Fri,1
DE,00+,2021-07-10,2021-07-06,40,2,4,Sat,1
DE,00+,2021-07-11,2021-07-06,40,0,5,Sun,1
DE,00+,2021-07-12,2021-07-06,40,0,6,Mon,1
DE,00+,2021-07-13,2021-07-06,40,2,7,Tue,1
DE,00+,2021-07-14,2021-07-06,40,2,8,Wed,1
DE,00+,2021-07-15,2021-07-06,51,4,9,Thu,0
DE,00+,2021-07-16,2021-07-06,51,0,10,Fri,1
DE,00+,2021-07-17,2021-07-06,51,0,11,Sat,1
DE,00+,2021-07-18,2021-07-06,51,0,12,Sun,1
DE,00+,2021-07-19,2021-07-06,51,0,13,Mon,1
DE,00+,2021-07-20,2021-07-06,51,1,14,Tue,1
DE,00+,2021-07-21,2021-07-06,51,1,15,Wed,1
DE,00+,2021-07-22,2021-07-06,53,0,16,Thu,0
DE,00+,2021-07-23,2021-07-06,53,1,17,Fri,1
DE,00+,2021-07-24,2021-07-06,53,0,18,Sat,1
DE,00+,2021-07-25,2021-07-06,53,0,19,Sun,1
DE,00+,2021-07-26,2021-07-06,53,0,20,Mon,1
DE,00+,2021-07-27,2021-07-06,53,3,21,Tue,1
DE,00+,2021-07-28,2021-07-06,53,0,22,Wed,1
DE,00+,2021-07-29,2021-07-06,57,0,23,Thu,0
DE,00+,2021-07-30,2021-07-06,57,0,24,Fri,1
DE,00+,2021-07-31,2021-07-06,57,0,25,Sat,1
DE,00+,2021-08-01,2021-07-06,57,0,26,Sun,1
DE,00+,2021-08-02,2021-07-06,57,0,27,Mon,1
DE,00+,2021-08-03,2021-07-06,57,0,28,Tue,1
DE,00+,2021-08-04,2021-07-06,57,0,29,Wed,1
DE,00+,2021-08-05,2021-07-06,57,0,30,Thu,0
DE,00+,2021-08-06,2021-07-06,57,0,31,Fri,1
DE,00+,2021-08-07,2021-07-06,57,0,32,Sat,1
DE,00+,2021-08-08,2021-07-06,57,0,33,Sun,1
DE,00+,2021-08-09,2021-07-06,57,0,34,Mon,1
DE,00+,2021-08-10,2021-07-06,57,0,35,Tue,1
DE,00+,2021-08-11,2021-07-06,57,0,36,Wed,1
DE,00+,2021-08-12,2021-07-06,57,0,37,Thu,0
DE,00+,2021-08-13,2021-07-06,57,0,38,Fri,1
DE,00+,2021-08-14,2021-07-06,57,0,39,Sat,1
DE,00+,2021-08-15,2021-07-06,57,0,40,Sun,1
DE,00+,2021-08-16,2021-07-06,57,0,41,Mon,1
DE,00+,2021-08-17,2021-07-06,57,0,42,Tue,1
DE,00+,2021-08-18,2021-07-06,57,0,43,Wed,1
DE,00+,2021-08-19,2021-07-06,57,0,44,Thu,0
DE,00+,2021-08-20,2021-07-06,57,0,45,Fri,1
DE,00+,2021-08-21,2021-07-06,57,0,46,Sat,1
DE,00+,2021-08-22,2021-07-06,57,0,47,Sun,1
DE,00+,2021-07-07,2021-07-07,0,24,0,Wed,1
DE,00+,2021-07-08,2021-07-07,41,17,1,Thu,0
DE,00+,2021-07-09,2021-07-07,41,8,2,Fri,1
DE,00+,2021-07-10,2021-07-07,41,2,3,Sat,1
DE,00+,2021-07-11,2021-07-07,41,1,4,Sun,1
DE,00+,2021-07-12,2021-07-07,41,1,5,Mon,1
DE,00+,2021-07-13,2021-07-07,41,0,6,Tue,1
DE,00+,2021-07-14,2021-07-07,41,1,7,Wed,1
DE,00+,2021-07-15,2021-07-07,56,2,8,Thu,0
DE,00+,2021-07-16,2021-07-07,56,2,9,Fri,1
DE,00+,2021-07-17,2021-07-07,56,1,10,Sat,1
DE,00+,2021-07-18,2021-07-07,56,0,11,Sun,1
DE,00+,2021-07-19,2021-07-07,56,0,12,Mon,1
DE,00+,2021-07-20,2021-07-07,56,2,13,Tue,1
DE,00+,2021-07-21,2021-07-07,56,1,14,Wed,1
DE,00+,2021-07-22,2021-07-07,62,0,15,Thu,0
DE,00+,2021-07-23,2021-07-07,62,0,16,Fri,1
DE,00+,2021-07-24,2021-07-07,62,0,17,Sat,1
DE,00+,2021-07-25,2021-07-07,62,1,18,Sun,1
DE,00+,2021-07-26,2021-07-07,62,0,19,Mon,1
DE,00+,2021-07-27,2021-07-07,62,1,20,Tue,1
DE,00+,2021-07-28,2021-07-07,62,0,21,Wed,1
DE,00+,2021-07-29,2021-07-07,66,2,22,Thu,0
DE,00+,2021-07-30,2021-07-07,66,1,23,Fri,1
DE,00+,2021-07-31,2021-07-07,66,0,24,Sat,1
DE,00+,2021-08-01,2021-07-07,66,0,25,Sun,1
DE,00+,2021-08-02,2021-07-07,66,0,26,Mon,1
DE,00+,2021-08-03,2021-07-07,66,0,27,Tue,1
DE,00+,2021-08-04,2021-07-07,66,1,28,Wed,1
DE,00+,2021-08-05,2021-07-07,68,0,29,Thu,0
DE,00+,2021-08-06,2021-07-07,68,0,30,Fri,1
DE,00+,2021-08-07,2021-07-07,68,0,31,Sat,1
DE,00+,2021-08-08,2021-07-07,68,0,32,Sun,1
DE,00+,2021-08-09,2021-07-07,68,0,33,Mon,1
DE,00+,2021-08-10,2021-07-07,68,0,34,Tue,1
DE,00+,2021-08-11,2021-07-07,68,0,35,Wed,1
DE,00+,2021-08-12,2021-07-07,68,0,36,Thu,0
DE,00+,2021-08-13,2021-07-07,68,0,37,Fri,1
DE,00+,2021-08-14,2021-07-07,68,0,38,Sat,1
DE,00+,2021-08-15,2021-07-07,68,0,39,Sun,1
DE,00+,2021-08-16,2021-07-07,68,0,40,Mon,1
DE,00+,2021-08-17,2021-07-07,68,0,41,Tue,1
DE,00+,2021-08-18,2021-07-07,68,0,42,Wed,1
DE,00+,2021-08-19,2021-07-07,68,0,43,Thu,0
DE,00+,2021-08-20,2021-07-07,68,0,44,Fri,1
DE,00+,2021-08-21,2021-07-07,68,0,45,Sat,1
DE,00+,2021-08-22,2021-07-07,68,0,46,Sun,1
DE,00+,2021-07-08,2021-07-08,25,25,0,Thu,0
DE,00+,2021-07-09,2021-07-08,25,13,1,Fri,1
DE,00+,2021-07-10,2021-07-08,25,2,2,Sat,1
DE,00+,2021-07-11,2021-07-08,25,1,3,Sun,1
DE,00+,2021-07-12,2021-07-08,25,0,4,Mon,1
DE,00+,2021-07-13,2021-07-08,25,2,5,Tue,1
DE,00+,2021-07-14,2021-07-08,25,1,6,Wed,1
DE,00+,2021-07-15,2021-07-08,47,3,7,Thu,0
DE,00+,2021-07-16,2021-07-08,47,2,8,Fri,1
DE,00+,2021-07-17,2021-07-08,47,0,9,Sat,1
DE,00+,2021-07-18,2021-07-08,47,0,10,Sun,1
DE,00+,2021-07-19,2021-07-08,47,0,11,Mon,1
DE,00+,2021-07-20,2021-07-08,47,0,12,Tue,1
DE,00+,2021-07-21,2021-07-08,47,3,13,Wed,1
DE,00+,2021-07-22,2021-07-08,53,1,14,Thu,0
DE,00+,2021-07-23,2021-07-08,53,0,15,Fri,1
DE,00+,2021-07-24,2021-07-08,53,0,16,Sat,1
DE,00+,2021-07-25,2021-07-08,53,0,17,Sun,1
DE,00+,2021-07-26,2021-07-08,53,0,18,Mon,1
DE,00+,2021-07-27,2021-07-08,53,0,19,Tue,1
DE,00+,2021-07-28,2021-07-08,53,0,20,Wed,1
DE,00+,2021-07-29,2021-07-08,53,0,21,Thu,0
DE,00+,2021-07-30,2021-07-08,53,0,22,Fri,1
DE,00+,2021-07-31,2021-07-08,53,0,23,Sat,1
DE,00+,2021-08-01,2021-07-08,53,0,24,Sun,1
DE,00+,2021-08-02,2021-07-08,53,0,25,Mon,1
DE,00+,2021-08-03,2021-07-08,53,0,26,Tue,1
DE,00+,2021-08-04,2021-07-08,53,0,27,Wed,1
DE,00+,2021-08-05,2021-07-08,53,0,28,Thu,0
DE,00+,2021-08-06,2021-07-08,53,0,29,Fri,1
DE,00+,2021-08-07,2021-07-08,53,0,30,Sat,1
DE,00+,2021-08-08,2021-07-08,53,0,31,Sun,1
DE,00+,2021-08-09,2021-07-08,53,0,32,Mon,1
DE,00+,2021-08-10,2021-07-08,53,0,33,Tue,1
DE,00+,2021-08-11,2021-07-08,53,0,34,Wed,1
DE,00+,2021-08-12,2021-07-08,53,0,35,Thu,0
DE,00+,2021-08-13,2021-07-08,53,0,36,Fri,1
DE,00+,2021-08-14,2021-07-08,53,0,37,Sat,1
DE,00+,2021-08-15,2021-07-08,53,0,38,Sun,1
DE,00+,2021-08-16,2021-07-08,53,0,39,Mon,1
DE,00+,2021-08-17,2021-07-08,53,0,40,Tue,1
DE,00+,2021-08-18,2021-07-08,53,0,41,Wed,1
DE,00+,2021-08-19,2021-07-08,53,0,42,Thu,0
DE,00+,2021-08-20,2021-07-08,53,0,43,Fri,1
DE,00+,2021-08-21,2021-07-08,53,0,44,Sat,1
DE,00+,2021-08-22,2021-07-08,53,0,45,Sun,1
DE,00+,2021-07-09,2021-07-09,0,10,0,Fri,1
DE,00+,2021-07-10,2021-07-09,0,13,1,Sat,1
DE,00+,2021-07-11,2021-07-09,0,1,2,Sun,1
DE,00+,2021-07-12,2021-07-09,0,1,3,Mon,1
DE,00+,2021-07-13,2021-07-09,0,1,4,Tue,1
DE,00+,2021-07-14,2021-07-09,0,1,5,Wed,1
DE,00+,2021-07-15,2021-07-09,30,3,6,Thu,0
DE,00+,2021-07-16,2021-07-09,30,2,7,Fri,1
DE,00+,2021-07-17,2021-07-09,30,2,8,Sat,1
DE,00+,2021-07-18,2021-07-09,30,1,9,Sun,1
DE,00+,2021-07-19,2021-07-09,30,1,10,Mon,1
DE,00+,2021-07-20,2021-07-09,30,5,11,Tue,1
DE,00+,2021-07-21,2021-07-09,30,1,12,Wed,1
DE,00+,2021-07-22,2021-07-09,44,2,13,Thu,0
DE,00+,2021-07-23,2021-07-09,44,0,14,Fri,1
DE,00+,2021-07-24,2021-07-09,44,0,15,Sat,1
DE,00+,2021-07-25,2021-07-09,44,1,16,Sun,1
DE,00+,2021-07-26,2021-07-09,44,0,17,Mon,1
DE,00+,2021-07-27,2021-07-09,44,0,18,Tue,1
DE,00+,2021-07-28,2021-07-09,44,0,19,Wed,1
DE,00+,2021-07-29,2021-07-09,46,1,20,Thu,0
DE,00+,2021-07-30,2021-07-09,46,0,21,Fri,1
DE,00+,2021-07-31,2021-07-09,46,0,22,Sat,1
DE,00+,2021-08-01,2021-07-09,46,0,23,Sun,1
DE,00+,2021-08-02,2021-07-09,46,0,24,Mon,1
DE,00+,2021-08-03,2021-07-09,46,0,25,Tue,1
DE,00+,2021-08-04,2021-07-09,46,0,26,Wed,1
DE,00+,2021-08-05,2021-07-09,46,0,27,Thu,0
DE,00+,2021-08-06,2021-07-09,46,0,28,Fri,1
DE,00+,2021-08-07,2021-07-09,46,0,29,Sat,1
DE,00+,2021-08-08,2021-07-09,46,0,30,Sun,1
DE,00+,2021-08-09,2021-07-09,46,0,31,Mon,1
DE,00+,2021-08-10,2021-07-09,46,0,32,Tue,1
DE,00+,2021-08-11,2021-07-09,46,0,33,Wed,1
DE,00+,2021-08-12,2021-07-09,46,0,34,Thu,0
DE,00+,2021-08-13,2021-07-09,46,0,35,Fri,1
DE,00+,2021-08-14,2021-07-09,46,0,36,Sat,1
DE,00+,2021-08-15,2021-07-09,46,0,37,Sun,1
DE,00+,2021-08-16,2021-07-09,46,0,38,Mon,1
DE,00+,2021-08-17,2021-07-09,46,0,39,Tue,1
DE,00+,2021-08-18,2021-07-09,46,0,40,Wed,1
DE,00+,2021-08-19,2021-07-09,46,0,41,Thu,0
DE,00+,2021-08-20,2021-07-09,46,0,42,Fri,1
DE,00+,2021-08-21,2021-07-09,46,0,43,Sat,1
DE,00+,2021-08-22,2021-07-09,46,0,44,Sun,1
DE,00+,2021-07-10,2021-07-10,0,23,0,Sat,1
DE,00+,2021-07-11,2021-07-10,0,11,1,Sun,1
DE,00+,2021-07-12,2021-07-10,0,2,2,Mon,1
DE,00+,2021-07-13,2021-07-10,0,5,3,Tue,1
DE,00+,2021-07-14,2021-07-10,0,7,4,Wed,1
DE,00+,2021-07-15,2021-07-10,49,1,5,Thu,0
DE,00+,2021-07-16,2021-07-10,49,0,6,Fri,1
DE,00+,2021-07-17,2021-07-10,49,0,7,Sat,1
DE,00+,2021-07-18,2021-07-10,49,1,8,Sun,1
DE,00+,2021-07-19,2021-07-10,49,0,9,Mon,1
DE,00+,2021-07-20,2021-07-10,49,2,10,Tue,1
DE,00+,2021-07-21,2021-07-10,49,0,11,Wed,1
DE,00+,2021-07-22,2021-07-10,53,1,12,Thu,0
DE,00+,2021-07-23,2021-07-10,53,2,13,Fri,1
DE,00+,2021-07-24,2021-07-10,53,0,14,Sat,1
DE,00+,2021-07-25,2021-07-10,53,1,15,Sun,1
DE,00+,2021-07-26,2021-07-10,53,2,16,Mon,1
DE,00+,2021-07-27,2021-07-10,53,1,17,Tue,1
DE,00+,2021-07-28,2021-07-10,53,1,18,Wed,1
DE,00+,2021-07-29,2021-07-10,61,1,19,Thu,0
DE,00+,2021-07-30,2021-07-10,61,0,20,Fri,1
DE,00+,2021-07-31,2021-07-10,61,0,21,Sat,1
DE,00+,2021-08-01,2021-07-10,61,0,22,Sun,1
DE,00+,2021-08-02,2021-07-10,61,0,23,Mon,1
DE,00+,2021-08-03,2021-07-10,61,1,24,Tue,1
DE,00+,2021-08-04,2021-07-10,61,0,25,Wed,1
DE,00+,2021-08-05,2021-07-10,62,0,26,Thu,0
DE,00+,2021-08-06,2021-07-10,62,0,27,Fri,1
DE,00+,2021-08-07,2021-07-10,62,0,28,Sat,1
DE,00+,2021-08-08,2021-07-10,62,0,29,Sun,1
DE,00+,2021-08-09,2021-07-10,62,0,30,Mon,1
DE,00+,2021-08-10,2021-07-10,62,2,31,Tue,1
DE,00+,2021-08-11,2021-07-10,62,0,32,Wed,1
DE,00+,2021-08-12,2021-07-10,64,0,33,Thu,0
DE,00+,2021-08-13,2021-07-10,64,0,34,Fri,1
DE,00+,2021-08-14,2021-07-10,64,0,35,Sat,1
DE,00+,2021-08-15,2021-07-10,64,0,36,Sun,1
DE,00+,2021-08-16,2021-07-10,64,0,37,Mon,1
DE,00+,2021-08-17,2021-07-10,64,0,38,Tue,1
DE,00+,2021-08-18,2021-07-10,64,0,39,Wed,1
DE,00+,2021-08-19,2021-07-10,64,0,40,Thu,0
DE,00+,2021-08-20,2021-07-10,64,0,41,Fri,1
DE,00+,2021-08-21,2021-07-10,64,0,42,Sat,1
DE,00+,2021-08-22,2021-07-10,64,0,43,Sun,1
DE,00+,2021-07-11,2021-07-11,0,14,0,Sun,1
DE,00+,2021-07-12,2021-07-11,0,4,1,Mon,1
DE,00+,2021-07-13,2021-07-11,0,3,2,Tue,1
DE,00+,2021-07-14,2021-07-11,0,0,3,Wed,1
DE,00+,2021-07-15,2021-07-11,23,2,4,Thu,0
DE,00+,2021-07-16,2021-07-11,23,2,5,Fri,1
DE,00+,2021-07-17,2021-07-11,23,1,6,Sat,1
DE,00+,2021-07-18,2021-07-11,23,1,7,Sun,1
DE,00+,2021-07-19,2021-07-11,23,0,8,Mon,1
DE,00+,2021-07-20,2021-07-11,23,3,9,Tue,1
DE,00+,2021-07-21,2021-07-11,23,6,10,Wed,1
DE,00+,2021-07-22,2021-07-11,37,1,11,Thu,0
DE,00+,2021-07-23,2021-07-11,37,1,12,Fri,1
DE,00+,2021-07-24,2021-07-11,37,3,13,Sat,1
DE,00+,2021-07-25,2021-07-11,37,0,14,Sun,1
DE,00+,2021-07-26,2021-07-11,37,0,15,Mon,1
DE,00+,2021-07-27,2021-07-11,37,2,16,Tue,1
DE,00+,2021-07-28,2021-07-11,37,1,17,Wed,1
DE,00+,2021-07-29,2021-07-11,44,0,18,Thu,0
DE,00+,2021-07-30,2021-07-11,44,0,19,Fri,1
DE,00+,2021-07-31,2021-07-11,44,0,20,Sat,1
DE,00+,2021-08-01,2021-07-11,44,0,21,Sun,1
DE,00+,2021-08-02,2021-07-11,44,0,22,Mon,1
DE,00+,2021-08-03,2021-07-11,44,0,23,Tue,1
DE,00+,2021-08-04,2021-07-11,44,0,24,Wed,1
DE,00+,2021-08-05,2021-07-11,44,0,25,Thu,0
DE,00+,2021-08-06,2021-07-11,44,0,26,Fri,1
DE,00+,2021-08-07,2021-07-11,44,1,27,Sat,1
DE,00+,2021-08-08,2021-07-11,44,0,28,Sun,1
DE,00+,2021-08-09,2021-07-11,44,0,29,Mon,1
DE,00+,2021-08-10,2021-07-11,44,2,30,Tue,1
DE,00+,2021-08-11,2021-07-11,44,0,31,Wed,1
DE,00+,2021-08-12,2021-07-11,47,0,32,Thu,0
DE,00+,2021-08-13,2021-07-11,47,0,33,Fri,1
DE,00+,2021-08-14,2021-07-11,47,0,34,Sat,1
DE,00+,2021-08-15,2021-07-11,47,0,35,Sun,1
DE,00+,2021-08-16,2021-07-11,47,0,36,Mon,1
DE,00+,2021-08-17,2021-07-11,47,0,37,Tue,1
DE,00+,2021-08-18,2021-07-11,47,0,38,Wed,1
DE,00+,2021-08-19,2021-07-11,47,0,39,Thu,0
DE,00+,2021-08-20,2021-07-11,47,0,40,Fri,1
DE,00+,2021-08-21,2021-07-11,47,1,41,Sat,1
DE,00+,2021-08-22,2021-07-11,47,0,42,Sun,1
DE,00+,2021-07-12,2021-07-12,0,3,0,Mon,1
DE,00+,2021-07-13,2021-07-12,0,3,1,Tue,1
DE,00+,2021-07-14,2021-07-12,0,2,2,Wed,1
DE,00+,2021-07-15,2021-07-12,8,0,3,Thu,0
DE,00+,2021-07-16,2021-07-12,8,0,4,Fri,1
DE,00+,2021-07-17,2021-07-12,8,2,5,Sat,1
DE,00+,2021-07-18,2021-07-12,8,0,6,Sun,1
DE,00+,2021-07-19,2021-07-12,8,0,7,Mon,1
DE,00+,2021-07-20,2021-07-12,8,2,8,Tue,1
DE,00+,2021-07-21,2021-07-12,8,1,9,Wed,1
DE,00+,2021-07-22,2021-07-12,14,1,10,Thu,0
DE,00+,2021-07-23,2021-07-12,14,1,11,Fri,1
DE,00+,2021-07-24,2021-07-12,14,0,12,Sat,1
DE,00+,2021-07-25,2021-07-12,14,0,13,Sun,1
DE,00+,2021-07-26,2021-07-12,14,0,14,Mon,1
DE,00+,2021-07-27,2021-07-12,14,1,15,Tue,1
DE,00+,2021-07-28,2021-07-12,14,0,16,Wed,1
DE,00+,2021-07-29,2021-07-12,16,0,17,Thu,0
DE,00+,2021-07-30,2021-07-12,16,0,18,Fri,1
DE,00+,2021-07-31,2021-07-12,16,1,19,Sat,1
DE,00+,2021-08-01,2021-07-12,16,0,20,Sun,1
DE,00+,2021-08-02,2021-07-12,16,0,21,Mon,1
DE,00+,2021-08-03,2021-07-12,16,0,22,Tue,1
DE,00+,2021-08-04,2021-07-12,16,0,23,Wed,1
DE,00+,2021-08-05,2021-07-12,17,0,24,Thu,0
DE,00+,2021-08-06,2021-07-12,17,0,25,Fri,1
DE,00+,2021-08-07,2021-07-12,17,0,26,Sat,1
DE,00+,2021-08-08,2021-07-12,17,0,27,Sun,1
DE,00+,2021-08-09,2021-07-12,17,0,28,Mon,1
DE,00+,2021-08-10,2021-07-12,17,0,29,Tue,1
DE,00+,2021-08-11,2021-07-12,17,0,30,Wed,1
DE,00+,2021-08-12,2021-07-12,17,0,31,Thu,0
DE,00+,2021-08-13,2021-07-12,17,0,32,Fri,1
DE,00+,2021-08-14,2021-07-12,17,0,33,Sat,1
DE,00+,2021-08-15,2021-07-12,17,0,34,Sun,1
DE,00+,2021-08-16,2021-07-12,17,0,35,Mon,1
DE,00+,2021-08-17,2021-07-12,17,0,36,Tue,1
DE,00+,2021-08-18,2021-07-12,17,0,37,Wed,1
DE,00+,2021-08-19,2021-07-12,17,0,38,Thu,0
DE,00+,2021-08-20,2021-07-12,17,0,39,Fri,1
DE,00+,2021-08-21,2021-07-12,17,0,40,Sat,1
DE,00+,2021-08-22,2021-07-12,17,0,41,Sun,1
DE,00+,2021-07-13,2021-07-13,0,21,0,Tue,1
DE,00+,2021-07-14,2021-07-13,0,12,1,Wed,1
DE,00+,2021-07-15,2021-07-13,36,3,2,Thu,0
DE,00+,2021-07-16,2021-07-13,36,4,3,Fri,1
DE,00+,2021-07-17,2021-07-13,36,3,4,Sat,1
DE,00+,2021-07-18,2021-07-13,36,0,5,Sun,1
DE,00+,2021-07-19,2021-07-13,36,1,6,Mon,1
DE,00+,2021-07-20,2021-07-13,36,2,7,Tue,1
DE,00+,2021-07-21,2021-07-13,36,4,8,Wed,1
DE,00+,2021-07-22,2021-07-13,53,3,9,Thu,0
DE,00+,2021-07-23,2021-07-13,53,0,10,Fri,1
DE,00+,2021-07-24,2021-07-13,53,0,11,Sat,1
DE,00+,2021-07-25,2021-07-13,53,2,12,Sun,1
DE,00+,2021-07-26,2021-07-13,53,0,13,Mon,1
DE,00+,2021-07-27,2021-07-13,53,0,14,Tue,1
DE,00+,2021-07-28,2021-07-13,53,0,15,Wed,1
DE,00+,2021-07-29,2021-07-13,56,1,16,Thu,0
DE,00+,2021-07-30,2021-07-13,56,2,17,Fri,1
DE,00+,2021-07-31,2021-07-13,56,1,18,Sat,1
DE,00+,2021-08-01,2021-07-13,56,0,19,Sun,1
DE,00+,2021-08-02,2021-07-13,56,0,20,Mon,1
DE,00+,2021-08-03,2021-07-13,56,0,21,Tue,1
DE,00+,2021-08-04,2021-07-13,56,0,22,Wed,1
DE,00+,2021-08-05,2021-07-13,59,0,23,Thu,0
DE,00+,2021-08-06,2021-07-13,59,0,24,Fri,1
DE,00+,2021-08-07,2021-07-13,59,0,25,Sat,1
DE,00+,2021-08-08,2021-07-13,59,0,26,Sun,1
DE,00+,2021-08-09,2021-07-13,59,0,27,Mon,1
DE,00+,2021-08-10,2021-07-13,59,0,28,Tue,1
DE,00+,2021-08-11,2021-07-13,59,0,29,Wed,1
DE,00+,2021-08-12,2021-07-13,59,0,30,Thu,0
DE,00+,2021-08-13,2021-07-13,59,0,31,Fri,1
DE,00+,2021-08-14,2021-07-13,59,0,32,Sat,1
DE,00+,2021-08-15,2021-07-13,59,0,33,Sun,1
DE,00+,2021-08-16,2021-07-13,59,0,34,Mon,1
DE,00+,2021-08-17,2021-07-13,59,0,35,Tue,1
DE,00+,2021-08-18,2021-07-13,59,0,36,Wed,1
DE,00+,2021-08-19,2021-07-13,59,0,37,Thu,0
DE,00+,2021-08-20,2021-07-13,59,0,38,Fri,1
DE,00+,2021-08-21,2021-07-13,59,0,39,Sat,1
DE,00+,2021-08-22,2021-07-13,59,0,40,Sun,1
DE,00+,2021-07-14,2021-07-14,0,22,0,Wed,1
DE,00+,2021-07-15,2021-07-14,34,12,1,Thu,0
DE,00+,2021-07-16,2021-07-14,34,4,2,Fri,1
DE,00+,2021-07-17,2021-07-14,34,5,3,Sat,1
DE,00+,2021-07-18,2021-07-14,34,0,4,Sun,1
DE,00+,2021-07-19,2021-07-14,34,1,5,Mon,1
DE,00+,2021-07-20,2021-07-14,34,10,6,Tue,1
DE,00+,2021-07-21,2021-07-14,34,2,7,Wed,1
DE,00+,2021-07-22,2021-07-14,61,5,8,Thu,0
DE,00+,2021-07-23,2021-07-14,61,3,9,Fri,1
DE,00+,2021-07-24,2021-07-14,61,0,10,Sat,1
DE,00+,2021-07-25,2021-07-14,61,1,11,Sun,1
DE,00+,2021-07-26,2021-07-14,61,0,12,Mon,1
DE,00+,2021-07-27,2021-07-14,61,3,13,Tue,1
DE,00+,2021-07-28,2021-07-14,61,1,14,Wed,1
DE,00+,2021-07-29,2021-07-14,69,0,15,Thu,0
DE,00+,2021-07-30,2021-07-14,69,1,16,Fri,1
DE,00+,2021-07-31,2021-07-14,69,0,17,Sat,1
DE,00+,2021-08-01,2021-07-14,69,0,18,Sun,1
DE,00+,2021-08-02,2021-07-14,69,0,19,Mon,1
DE,00+,2021-08-03,2021-07-14,69,0,20,Tue,1
DE,00+,2021-08-04,2021-07-14,69,0,21,Wed,1
DE,00+,2021-08-05,2021-07-14,70,0,22,Thu,0
DE,00+,2021-08-06,2021-07-14,70,2,23,Fri,1
DE,00+,2021-08-07,2021-07-14,70,0,24,Sat,1
DE,00+,2021-08-08,2021-07-14,70,0,25,Sun,1
DE,00+,2021-08-09,2021-07-14,70,0,26,Mon,1
DE,00+,2021-08-10,2021-07-14,70,0,27,Tue,1
DE,00+,2021-08-11,2021-07-14,70,0,28,Wed,1
DE,00+,2021-08-12,2021-07-14,72,0,29,Thu,0
DE,00+,2021-08-13,2021-07-14,72,0,30,Fri,1
DE,00+,2021-08-14,2021-07-14,72,0,31,Sat,1
DE,00+,2021-08-15,2021-07-14,72,0,32,Sun,1
DE,00+,2021-08-16,2021-07-14,72,0,33,Mon,1
DE,00+,2021-08-17,2021-07-14,72,0,34,Tue,1
DE,00+,2021-08-18,2021-07-14,72,0,35,Wed,1
DE,00+,2021-08-19,2021-07-14,72,0,36,Thu,0
DE,00+,2021-08-20,2021-07-14,72,0,37,Fri,1
DE,00+,2021-08-21,2021-07-14,72,0,38,Sat,1
DE,00+,2021-08-22,2021-07-14,72,0,39,Sun,1
DE,00+,2021-07-15,2021-07-15,28,28,0,Thu,0
DE,00+,2021-07-16,2021-07-15,28,15,1,Fri,1
DE,00+,2021-07-17,2021-07-15,28,3,2,Sat,1
DE,00+,2021-07-18,2021-07-15,28,3,3,Sun,1
DE,00+,2021-07-19,2021-07-15,28,0,4,Mon,1
DE,00+,2021-07-20,2021-07-15,28,1,5,Tue,1
DE,00+,2021-07-21,2021-07-15,28,3,6,Wed,1
DE,00+,2021-07-22,2021-07-15,55,2,7,Thu,0
DE,00+,2021-07-23,2021-07-15,55,3,8,Fri,1
DE,00+,2021-07-24,2021-07-15,55,2,9,Sat,1
DE,00+,2021-07-25,2021-07-15,55,1,10,Sun,1
DE,00+,2021-07-26,2021-07-15,55,0,11,Mon,1
DE,00+,2021-07-27,2021-07-15,55,2,12,Tue,1
DE,00+,2021-07-28,2021-07-15,55,3,13,Wed,1
DE,00+,2021-07-29,2021-07-15,66,0,14,Thu,0
DE,00+,2021-07-30,2021-07-15,66,3,15,Fri,1
DE,00+,2021-07-31,2021-07-15,66,0,16,Sat,1
DE,00+,2021-08-01,2021-07-15,66,0,17,Sun,1
DE,00+,2021-08-02,2021-07-15,66,0,18,Mon,1
DE,00+,2021-08-03,2021-07-15,66,0,19,Tue,1
DE,00+,2021-08-04,2021-07-15,66,0,20,Wed,1
DE,00+,2021-08-05,2021-07-15,69,0,21,Thu,0
DE,00+,2021-08-06,2021-07-15,69,0,22,Fri,1
DE,00+,2021-08-07,2021-07-15,69,0,23,Sat,1
DE,00+,2021-08-08,2021-07-15,69,0,24,Sun,1
DE,00+,2021-08-09,2021-07-15,69,0,25,Mon,1
DE,00+,2021-08-10,2021-07-15,69,0,26,Tue,1
DE,00+,2021-08-11,2021-07-15,69,0,27,Wed,1
DE,00+,2021-08-12,2021-07-15,69,0,28,Thu,0
DE,00+,2021-08-13,2021-07-15,69,0,29,Fri,1
DE,00+,2021-08-14,2021-07-15,69,0,30,Sat,1
DE,00+,2021-08-15,2021-07-15,69,0,31,Sun,1
DE,00+,2021-08-16,2021-07-15,69,0,32,Mon,1
DE,00+,2021-08-17,2021-07-15,69,0,33,Tue,1
DE,00+,2021-08-18,2021-07-15,69,0,34,Wed,1
DE,00+,2021-08-19,2021-07-15,69,0,35,Thu,0
DE,00+,2021-08-20,2021-07-15,69,0,36,Fri,1
DE,00+,2021-08-21,2021-07-15,69,0,37,Sat,1
DE,00+,2021-08-22,2021-07-15,69,0,38,Sun,1
DE,00+,2021-07-16,2021-07-16,0,19,0,Fri,1
DE,00+,2021-07-17,2021-07-16,0,13,1,Sat,1
DE,00+,2021-07-18,2021-07-16,0,0,2,Sun,1
DE,00+,2021-07-19,2021-07-16,0,0,3,Mon,1
DE,00+,2021-07-20,2021-07-16,0,0,4,Tue,1
DE,00+,2021-07-21,2021-07-16,0,4,5,Wed,1
DE,00+,2021-07-22,2021-07-16,38,2,6,Thu,0
DE,00+,2021-07-23,2021-07-16,38,2,7,Fri,1
DE,00+,2021-07-24,2021-07-16,38,2,8,Sat,1
DE,00+,2021-07-25,2021-07-16,38,1,9,Sun,1
DE,00+,2021-07-26,2021-07-16,38,1,10,Mon,1
DE,00+,2021-07-27,2021-07-16,38,1,11,Tue,1
DE,00+,2021-07-28,2021-07-16,38,0,12,Wed,1
DE,00+,2021-07-29,2021-07-16,46,1,13,Thu,0
DE,00+,2021-07-30,2021-07-16,46,0,14,Fri,1
DE,00+,2021-07-31,2021-07-16,46,0,15,Sat,1
DE,00+,2021-08-01,2021-07-16,46,1,16,Sun,1
DE,00+,2021-08-02,2021-07-16,46,0,17,Mon,1
DE,00+,2021-08-03,2021-07-16,46,0,18,Tue,1
DE,00+,2021-08-04,2021-07-16,46,0,19,Wed,1
DE,00+,2021-08-05,2021-07-16,47,0,20,Thu,0
DE,00+,2021-08-06,2021-07-16,47,0,21,Fri,1
DE,00+,2021-08-07,2021-07-16,47,0,22,Sat,1
DE,00+,2021-08-08,2021-07-16,47,0,23,Sun,1
DE,00+,2021-08-09,2021-07-16,47,0,24,Mon,1
DE,00+,2021-08-10,2021-07-16,47,0,25,Tue,1
DE,00+,2021-08-11,2021-07-16,47,0,26,Wed,1
DE,00+,2021-08-12,2021-07-16,47,0,27,Thu,0
DE,00+,2021-08-13,2021-07-16,47,0,28,Fri,1
DE,00+,2021-08-14,2021-07-16,47,0,29,Sat,1
DE,00+,2021-08-15,2021-07-16,47,0,30,Sun,1
DE,00+,2021-08-16,2021-07-16,47,0,31,Mon,1
DE,00+,2021-08-17,2021-07-16,47,0,32,Tue,1
DE,00+,2021-08-18,2021-07-16,47,0,33,Wed,1
DE,00+,2021-08-19,2021-07-16,47,0,34,Thu,0
DE,00+,2021-08-20,2021-07-16,47,0,35,Fri,1
DE,00+,2021-08-21,2021-07-16,47,0,36,Sat,1
DE,00+,2021-08-22,2021-07-16,47,0,37,Sun,1
DE,00+,2021-07-17,2021-07-17,0,20,0,Sat,1
DE,00+,2021-07-18,2021-07-17,0,7,1,Sun,1
DE,00+,2021-07-19,2021-07-17,0,1,2,Mon,1
DE,00+,2021-07-20,2021-07-17,0,3,3,Tue,1
DE,00+,2021-07-21,2021-07-17,0,10,4,Wed,1
DE,00+,2021-07-22,2021-07-17,44,3,5,Thu,0
DE,00+,2021-07-23,2021-07-17,44,0,6,Fri,1
DE,00+,2021-07-24,2021-07-17,44,4,7,Sat,1
DE,00+,2021-07-25,2021-07-17,44,3,8,Sun,1
DE,00+,2021-07-26,2021-07-17,44,3,9,Mon,1
DE,00+,2021-07-27,2021-07-17,44,2,10,Tue,1
DE,00+,2021-07-28,2021-07-17,44,0,11,Wed,1
DE,00+,2021-07-29,2021-07-17,57,1,12,Thu,0
DE,00+,2021-07-30,2021-07-17,57,2,13,Fri,1
DE,00+,2021-07-31,2021-07-17,57,0,14,Sat,1
DE,00+,2021-08-01,2021-07-17,57,1,15,Sun,1
DE,00+,2021-08-02,2021-07-17,57,2,16,Mon,1
DE,00+,2021-08-03,2021-07-17,57,1,17,Tue,1
DE,00+,2021-08-04,2021-07-17,57,0,18,Wed,1
DE,00+,2021-08-05,2021-07-17,63,0,19,Thu,0
DE,00+,2021-08-06,2021-07-17,63,0,20,Fri,1
DE,00+,2021-08-07,2021-07-17,63,0,21,Sat,1
DE,00+,2021-08-08,2021-07-17,63,0,22,Sun,1
DE,00+,2021-08-09,2021-07-17,63,0,23,Mon,1
DE,00+,2021-08-10,2021-07-17,63,0,24,Tue,1
DE,00+,2021-08-11,2021-07-17,63,0,25,Wed,1
DE,00+,2021-08-12,2021-07-17,63,0,26,Thu,0
DE,00+,2021-08-13,2021-07-17,63,0,27,Fri,1
DE,00+,2021-08-14,2021-07-17,63,0,28,Sat,1
DE,00+,2021-08-15,2021-07-17,63,0,29,Sun,1
DE,00+,2021-08-16,2021-07-17,63,0,30,Mon,1
DE,00+,2021-08-17,2021-07-17,63,1,31,Tue,1
DE,00+,2021-08-18,2021-07-17,63,1,32,Wed,1
DE,00+,2021-08-19,2021-07-17,65,0,33,Thu,0
DE,00+,2021-08-20,2021-07-17,65,0,34,Fri,1
DE,00+,2021-08-21,2021-07-17,65,0,35,Sat,1
DE,00+,2021-08-22,2021-07-17,65,0,36,Sun,1
DE,00+,2021-07-18,2021-07-18,0,9,0,Sun,1
DE,00+,2021-07-19,2021-07-18,0,6,1,Mon,1
DE,00+,2021-07-20,2021-07-18,0,6,2,Tue,1
DE,00+,2021-07-21,2021-07-18,0,0,3,Wed,1
DE,00+,2021-07-22,2021-07-18,25,4,4,Thu,0
DE,00+,2021-07-23,2021-07-18,25,5,5,Fri,1
DE,00+,2021-07-24,2021-07-18,25,4,6,Sat,1
DE,00+,2021-07-25,2021-07-18,25,0,7,Sun,1
DE,00+,2021-07-26,2021-07-18,25,1,8,Mon,1
DE,00+,2021-07-27,2021-07-18,25,4,9,Tue,1
DE,00+,2021-07-28,2021-07-18,25,0,10,Wed,1
DE,00+,2021-07-29,2021-07-18,39,0,11,Thu,0
DE,00+,2021-07-30,2021-07-18,39,1,12,Fri,1
DE,00+,2021-07-31,2021-07-18,39,1,13,Sat,1
DE,00+,2021-08-01,2021-07-18,39,1,14,Sun,1
DE,00+,2021-08-02,2021-07-18,39,2,15,Mon,1
DE,00+,2021-08-03,2021-07-18,39,0,16,Tue,1
DE,00+,2021-08-04,2021-07-18,39,0,17,Wed,1
DE,00+,2021-08-05,2021-07-18,44,0,18,Thu,0
DE,00+,2021-08-06,2021-07-18,44,2,19,Fri,1
DE,00+,2021-08-07,2021-07-18,44,0,20,Sat,1
DE,00+,2021-08-08,2021-07-18,44,1,21,Sun,1
DE,00+,2021-08-09,2021-07-18,44,0,22,Mon,1
DE,00+,2021-08-10,2021-07-18,44,2,23,Tue,1
DE,00+,2021-08-11,2021-07-18,44,0,24,Wed,1
DE,00+,2021-08-12,2021-07-18,49,0,25,Thu,0
DE,00+,2021-08-13,2021-07-18,49,0,26,Fri,1
DE,00+,2021-08-14,2021-07-18,49,0,27,Sat,1
DE,00+,2021-08-15,2021-07-18,49,0,28,Sun,1
DE,00+,2021-08-16,2021-07-18,49,0,29,Mon,1
DE,00+,2021-08-17,2021-07-18,49,0,30,Tue,1
DE,00+,2021-08-18,2021-07-18,49,0,31,Wed,1
DE,00+,2021-08-19,2021-07-18,49,0,32,Thu,0
DE,00+,2021-08-20,2021-07-18,49,0,33,Fri,1
DE,00+,2021-08-21,2021-07-18,49,1,34,Sat,1
DE,00+,2021-08-22,2021-07-18,49,0,35,Sun,1
DE,00+,2021-07-19,2021-07-19,0,3,0,Mon,1
DE,00+,2021-07-20,2021-07-19,0,16,1,Tue,1
DE,00+,2021-07-21,2021-07-19,0,4,2,Wed,1
DE,00+,2021-07-22,2021-07-19,27,4,3,Thu,0
DE,00+,2021-07-23,2021-07-19,27,1,4,Fri,1
DE,00+,2021-07-24,2021-07-19,27,1,5,Sat,1
DE,00+,2021-07-25,2021-07-19,27,2,6,Sun,1
DE,00+,2021-07-26,2021-07-19,27,0,7,Mon,1
DE,00+,2021-07-27,2021-07-19,27,0,8,Tue,1
DE,00+,2021-07-28,2021-07-19,27,0,9,Wed,1
DE,00+,2021-07-29,2021-07-19,31,0,10,Thu,0
DE,00+,2021-07-30,2021-07-19,31,1,11,Fri,1
DE,00+,2021-07-31,2021-07-19,31,1,12,Sat,1
DE,00+,2021-08-01,2021-07-19,31,1,13,Sun,1
DE,00+,2021-08-02,2021-07-19,31,1,14,Mon,1
DE,00+,2021-08-03,2021-07-19,31,0,15,Tue,1
DE,00+,2021-08-04,2021-07-19,31,0,16,Wed,1
DE,00+,2021-08-05,2021-07-19,35,0,17,Thu,0
DE,00+,2021-08-06,2021-07-19,35,1,18,Fri,1
DE,00+,2021-08-07,2021-07-19,35,0,19,Sat,1
DE,00+,2021-08-08,2021-07-19,35,0,20,Sun,1
DE,00+,2021-08-09,2021-07-19,35,0,21,Mon,1
DE,00+,2021-08-10,2021-07-19,35,0,22,Tue,1
DE,00+,2021-08-11,2021-07-19,35,0,23,Wed,1
DE,00+,2021-08-12,2021-07-19,36,0,24,Thu,0
DE,00+,2021-08-13,2021-07-19,36,0,25,Fri,1
DE,00+,2021-08-14,2021-07-19,36,0,26,Sat,1
DE,00+,2021-08-15,2021-07-19,36,0,27,Sun,1
DE,00+,2021-08-16,2021-07-19,36,0,28,Mon,1
DE,00+,2021-08-17,2021-07-19,36,0,29,Tue,1
DE,00+,2021-08-18,2021-07-19,36,0,30,Wed,1
DE,00+,2021-08-19,2021-07-19,36,0,31,Thu,0
DE,00+,2021-08-20,2021-07-19,36,0,32,Fri,1
DE,00+,2021-08-21,2021-07-19,36,0,33,Sat,1
DE,00+,2021-08-22,2021-07-19,36,0,34,Sun,1
DE,00+,2021-07-20,2021-07-20,0,36,0,Tue,1
DE,00+,2021-07-21,2021-07-20,0,19,1,Wed,1
DE,00+,2021-07-22,2021-07-20,65,10,2,Thu,0
DE,00+,2021-07-23,2021-07-20,65,4,3,Fri,1
DE,00+,2021-07-24,2021-07-20,65,2,4,Sat,1
DE,00+,2021-07-25,2021-07-20,65,3,5,Sun,1
DE,00+,2021-07-26,2021-07-20,65,0,6,Mon,1
DE,00+,2021-07-27,2021-07-20,65,3,7,Tue,1
DE,00+,2021-07-28,2021-07-20,65,2,8,Wed,1
DE,00+,2021-07-29,2021-07-20,82,3,9,Thu,0
DE,00+,2021-07-30,2021-07-20,82,0,10,Fri,1
DE,00+,2021-07-31,2021-07-20,82,2,11,Sat,1
DE,00+,2021-08-01,2021-07-20,82,1,12,Sun,1
DE,00+,2021-08-02,2021-07-20,82,1,13,Mon,1
DE,00+,2021-08-03,2021-07-20,82,2,14,Tue,1
DE,00+,2021-08-04,2021-07-20,82,2,15,Wed,1
DE,00+,2021-08-05,2021-07-20,90,0,16,Thu,0
DE,00+,2021-08-06,2021-07-20,90,0,17,Fri,1
DE,00+,2021-08-07,2021-07-20,90,1,18,Sat,1
DE,00+,2021-08-08,2021-07-20,90,0,19,Sun,1
DE,00+,2021-08-09,2021-07-20,90,0,20,Mon,1
DE,00+,2021-08-10,2021-07-20,90,2,21,Tue,1
DE,00+,2021-08-11,2021-07-20,90,0,22,Wed,1
DE,00+,2021-08-12,2021-07-20,93,0,23,Thu,0
DE,00+,2021-08-13,2021-07-20,93,0,24,Fri,1
DE,00+,2021-08-14,2021-07-20,93,0,25,Sat,1
DE,00+,2021-08-15,2021-07-20,93,0,26,Sun,1
DE,00+,2021-08-16,2021-07-20,93,0,27,Mon,1
DE,00+,2021-08-17,2021-07-20,93,1,28,Tue,1
DE,00+,2021-08-18,2021-07-20,93,0,29,Wed,1
DE,00+,2021-08-19,2021-07-20,94,0,30,Thu,0
DE,00+,2021-08-20,2021-07-20,94,0,31,Fri,1
DE,00+,2021-08-21,2021-07-20,94,0,32,Sat,1
DE,00+,2021-08-22,2021-07-20,94,0,33,Sun,1
DE,00+,2021-07-21,2021-07-21,0,28,0,Wed,1
DE,00+,2021-07-22,2021-07-21,46,18,1,Thu,0
DE,00+,2021-07-23,2021-07-21,46,8,2,Fri,1
DE,00+,2021-07-24,2021-07-21,46,4,3,Sat,1
DE,00+,2021-07-25,2021-07-21,46,1,4,Sun,1
DE,00+,2021-07-26,2021-07-21,46,2,5,Mon,1
DE,00+,2021-07-27,2021-07-21,46,3,6,Tue,1
DE,00+,2021-07-28,2021-07-21,46,6,7,Wed,1
DE,00+,2021-07-29,2021-07-21,71,1,8,Thu,0
DE,00+,2021-07-30,2021-07-21,71,5,9,Fri,1
DE,00+,2021-07-31,2021-07-21,71,2,10,Sat,1
DE,00+,2021-08-01,2021-07-21,71,2,11,Sun,1
DE,00+,2021-08-02,2021-07-21,71,3,12,Mon,1
DE,00+,2021-08-03,2021-07-21,71,0,13,Tue,1
DE,00+,2021-08-04,2021-07-21,71,2,14,Wed,1
DE,00+,2021-08-05,2021-07-21,85,0,15,Thu,0
DE,00+,2021-08-06,2021-07-21,85,1,16,Fri,1
DE,00+,2021-08-07,2021-07-21,85,0,17,Sat,1
DE,00+,2021-08-08,2021-07-21,85,0,18,Sun,1
DE,00+,2021-08-09,2021-07-21,85,0,19,Mon,1
DE,00+,2021-08-10,2021-07-21,85,2,20,Tue,1
DE,00+,2021-08-11,2021-07-21,85,2,21,Wed,1
DE,00+,2021-08-12,2021-07-21,90,0,22,Thu,0
DE,00+,2021-08-13,2021-07-21,90,0,23,Fri,1
DE,00+,2021-08-14,2021-07-21,90,1,24,Sat,1
DE,00+,2021-08-15,2021-07-21,90,0,25,Sun,1
DE,00+,2021-08-16,2021-07-21,90,0,26,Mon,1
DE,00+,2021-08-17,2021-07-21,90,0,27,Tue,1
DE,00+,2021-08-18,2021-07-21,90,0,28,Wed,1
DE,00+,2021-08-19,2021-07-21,91,0,29,Thu,0
DE,00+,2021-08-20,2021-07-21,91,0,30,Fri,1
DE,00+,2021-08-21,2021-07-21,91,0,31,Sat,1
DE,00+,2021-08-22,2021-07-21,91,0,32,Sun,1
DE,00+,2021-07-22,2021-07-22,34,34,0,Thu,0
DE,00+,2021-07-23,2021-07-22,34,19,1,Fri,1
DE,00+,2021-07-24,2021-07-22,34,2,2,Sat,1
DE,00+,2021-07-25,2021-07-22,34,1,3,Sun,1
DE,00+,2021-07-26,2021-07-22,34,5,4,Mon,1
DE,00+,2021-07-27,2021-07-22,34,2,5,Tue,1
DE,00+,2021-07-28,2021-07-22,34,4,6,Wed,1
DE,00+,2021-07-29,2021-07-22,70,3,7,Thu,0
DE,00+,2021-07-30,2021-07-22,70,7,8,Fri,1
DE,00+,2021-07-31,2021-07-22,70,3,9,Sat,1
DE,00+,2021-08-01,2021-07-22,70,1,10,Sun,1
DE,00+,2021-08-02,2021-07-22,70,0,11,Mon,1
DE,00+,2021-08-03,2021-07-22,70,4,12,Tue,1
DE,00+,2021-08-04,2021-07-22,70,3,13,Wed,1
DE,00+,2021-08-05,2021-07-22,91,3,14,Thu,0
DE,00+,2021-08-06,2021-07-22,91,1,15,Fri,1
DE,00+,2021-08-07,2021-07-22,91,2,16,Sat,1
DE,00+,2021-08-08,2021-07-22,91,0,17,Sun,1
DE,00+,2021-08-09,2021-07-22,91,0,18,Mon,1
DE,00+,2021-08-10,2021-07-22,91,1,19,Tue,1
DE,00+,2021-08-11,2021-07-22,91,3,20,Wed,1
DE,00+,2021-08-12,2021-07-22,99,1,21,Thu,0
DE,00+,2021-08-13,2021-07-22,99,0,22,Fri,1
DE,00+,2021-08-14,2021-07-22,99,0,23,Sat,1
DE,00+,2021-08-15,2021-07-22,99,0,24,Sun,1
DE,00+,2021-08-16,2021-07-22,99,0,25,Mon,1
DE,00+,2021-08-17,2021-07-22,99,0,26,Tue,1
DE,00+,2021-08-18,2021-07-22,99,0,27,Wed,1
DE,00+,2021-08-19,2021-07-22,99,0,28,Thu,0
DE,00+,2021-08-20,2021-07-22,99,0,29,Fri,1
DE,00+,2021-08-21,2021-07-22,99,0,30,Sat,1
DE,00+,2021-08-22,2021-07-22,99,0,31,Sun,1
DE,00+,2021-07-23,2021-07-23,0,30,0,Fri,1
DE,00+,2021-07-24,2021-07-23,0,12,1,Sat,1
DE,00+,2021-07-25,2021-07-23,0,4,2,Sun,1
DE,00+,2021-07-26,2021-07-23,0,1,3,Mon,1
DE,00+,2021-07-27,2021-07-23,0,10,4,Tue,1
DE,00+,2021-07-28,2021-07-23,0,6,5,Wed,1
DE,00+,2021-07-29,2021-07-23,63,0,6,Thu,0
DE,00+,2021-07-30,2021-07-23,63,2,7,Fri,1
DE,00+,2021-07-31,2021-07-23,63,2,8,Sat,1
DE,00+,2021-08-01,2021-07-23,63,1,9,Sun,1
DE,00+,2021-08-02,2021-07-23,63,2,10,Mon,1
DE,00+,2021-08-03,2021-07-23,63,1,11,Tue,1
DE,00+,2021-08-04,2021-07-23,63,4,12,Wed,1
DE,00+,2021-08-05,2021-07-23,75,0,13,Thu,0
DE,00+,2021-08-06,2021-07-23,75,2,14,Fri,1
DE,00+,2021-08-07,2021-07-23,75,3,15,Sat,1
DE,00+,2021-08-08,2021-07-23,75,0,16,Sun,1
DE,00+,2021-08-09,2021-07-23,75,0,17,Mon,1
DE,00+,2021-08-10,2021-07-23,75,4,18,Tue,1
DE,00+,2021-08-11,2021-07-23,75,0,19,Wed,1
DE,00+,2021-08-12,2021-07-23,84,0,20,Thu,0
DE,00+,2021-08-13,2021-07-23,84,0,21,Fri,1
DE,00+,2021-08-14,2021-07-23,84,0,22,Sat,1
DE,00+,2021-08-15,2021-07-23,84,0,23,Sun,1
DE,00+,2021-08-16,2021-07-23,84,0,24,Mon,1
DE,00+,2021-08-17,2021-07-23,84,0,25,Tue,1
DE,00+,2021-08-18,2021-07-23,84,0,26,Wed,1
DE,00+,2021-08-19,2021-07-23,86,2,27,Thu,0
DE,00+,2021-08-20,2021-07-23,86,0,28,Fri,1
DE,00+,2021-08-21,2021-07-23,86,0,29,Sat,1
DE,00+,2021-08-22,2021-07-23,86,0,30,Sun,1
DE,00+,2021-07-24,2021-07-24,0,31,0,Sat,1
DE,00+,2021-07-25,2021-07-24,0,8,1,Sun,1
DE,00+,2021-07-26,2021-07-24,0,4,2,Mon,1
DE,00+,2021-07-27,2021-07-24,0,9,3,Tue,1
DE,00+,2021-07-28,2021-07-24,0,8,4,Wed,1
DE,00+,2021-07-29,2021-07-24,62,2,5,Thu,0
DE,00+,2021-07-30,2021-07-24,62,5,6,Fri,1
DE,00+,2021-07-31,2021-07-24,62,2,7,Sat,1
DE,00+,2021-08-01,2021-07-24,62,1,8,Sun,1
DE,00+,2021-08-02,2021-07-24,62,1,9,Mon,1
DE,00+,2021-08-03,2021-07-24,62,2,10,Tue,1
DE,00+,2021-08-04,2021-07-24,62,4,11,Wed,1
DE,00+,2021-08-05,2021-07-24,78,1,12,Thu,0
DE,00+,2021-08-06,2021-07-24,78,3,13,Fri,1
DE,00+,2021-08-07,2021-07-24,78,1,14,Sat,1
DE,00+,2021-08-08,2021-07-24,78,0,15,Sun,1
DE,00+,2021-08-09,2021-07-24,78,1,16,Mon,1
DE,00+,2021-08-10,2021-07-24,78,2,17,Tue,1
DE,00+,2021-08-11,2021-07-24,78,2,18,Wed,1
DE,00+,2021-08-12,2021-07-24,89,2,19,Thu,0
DE,00+,2021-08-13,2021-07-24,89,0,20,Fri,1
DE,00+,2021-08-14,2021-07-24,89,1,21,Sat,1
DE,00+,2021-08-15,2021-07-24,89,0,22,Sun,1
DE,00+,2021-08-16,2021-07-24,89,0,23,Mon,1
DE,00+,2021-08-17,2021-07-24,89,0,24,Tue,1
DE,00+,2021-08-18,2021-07-24,89,2,25,Wed,1
DE,00+,2021-08-19,2021-07-24,92,0,26,Thu,0
DE,00+,2021-08-20,2021-07-24,92,1,27,Fri,1
DE,00+,2021-08-21,2021-07-24,92,0,28,Sat,1
DE,00+,2021-08-22,2021-07-24,92,0,29,Sun,1
DE,00+,2021-07-25,2021-07-25,0,8,0,Sun,1
DE,00+,2021-07-26,2021-07-25,0,4,1,Mon,1
DE,00+,2021-07-27,2021-07-25,0,14,2,Tue,1
DE,00+,2021-07-28,2021-07-25,0,8,3,Wed,1
DE,00+,2021-07-29,2021-07-25,40,6,4,Thu,0
DE,00+,2021-07-30,2021-07-25,40,5,5,Fri,1
DE,00+,2021-07-31,2021-07-25,40,1,6,Sat,1
DE,00+,2021-08-01,2021-07-25,40,3,7,Sun,1
DE,00+,2021-08-02,2021-07-25,40,0,8,Mon,1
DE,00+,2021-08-03,2021-07-25,40,4,9,Tue,1
DE,00+,2021-08-04,2021-07-25,40,1,10,Wed,1
DE,00+,2021-08-05,2021-07-25,56,2,11,Thu,0
DE,00+,2021-08-06,2021-07-25,56,4,12,Fri,1
DE,00+,2021-08-07,2021-07-25,56,2,13,Sat,1
DE,00+,2021-08-08,2021-07-25,56,0,14,Sun,1
DE,00+,2021-08-09,2021-07-25,56,1,15,Mon,1
DE,00+,2021-08-10,2021-07-25,56,2,16,Tue,1
DE,00+,2021-08-11,2021-07-25,56,2,17,Wed,1
DE,00+,2021-08-12,2021-07-25,69,2,18,Thu,0
DE,00+,2021-08-13,2021-07-25,69,0,19,Fri,1
DE,00+,2021-08-14,2021-07-25,69,3,20,Sat,1
DE,00+,2021-08-15,2021-07-25,69,0,21,Sun,1
DE,00+,2021-08-16,2021-07-25,69,0,22,Mon,1
DE,00+,2021-08-17,2021-07-25,69,0,23,Tue,1
DE,00+,2021-08-18,2021-07-25,69,0,24,Wed,1
DE,00+,2021-08-19,2021-07-25,74,2,25,Thu,0
DE,00+,2021-08-20,2021-07-25,74,0,26,Fri,1
DE,00+,2021-08-21,2021-07-25,74,0,27,Sat,1
DE,00+,2021-08-22,2021-07-25,74,0,28,Sun,1
DE,00+,2021-07-26,2021-07-26,0,9,0,Mon,1
DE,00+,2021-07-27,2021-07-26,0,6,1,Tue,1
DE,00+,2021-07-28,2021-07-26,0,2,2,Wed,1
DE,00+,2021-07-29,2021-07-26,20,3,3,Thu,0
DE,00+,2021-07-30,2021-07-26,20,0,4,Fri,1
DE,00+,2021-07-31,2021-07-26,20,0,5,Sat,1
DE,00+,2021-08-01,2021-07-26,20,0,6,Sun,1
DE,00+,2021-08-02,2021-07-26,20,0,7,Mon,1
DE,00+,2021-08-03,2021-07-26,20,1,8,Tue,1
DE,00+,2021-08-04,2021-07-26,20,2,9,Wed,1
DE,00+,2021-08-05,2021-07-26,27,4,10,Thu,0
DE,00+,2021-08-06,2021-07-26,27,1,11,Fri,1
DE,00+,2021-08-07,2021-07-26,27,0,12,Sat,1
DE,00+,2021-08-08,2021-07-26,27,0,13,Sun,1
DE,00+,2021-08-09,2021-07-26,27,0,14,Mon,1
DE,00+,2021-08-10,2021-07-26,27,0,15,Tue,1
DE,00+,2021-08-11,2021-07-26,27,0,16,Wed,1
DE,00+,2021-08-12,2021-07-26,28,0,17,Thu,0
DE,00+,2021-08-13,2021-07-26,28,0,18,Fri,1
DE,00+,2021-08-14,2021-07-26,28,0,19,Sat,1
DE,00+,2021-08-15,2021-07-26,28,0,20,Sun,1
DE,00+,2021-08-16,2021-07-26,28,0,21,Mon,1
DE,00+,2021-08-17,2021-07-26,28,0,22,Tue,1
DE,00+,2021-08-18,2021-07-26,28,0,23,Wed,1
DE,00+,2021-08-19,2021-07-26,28,0,24,Thu,0
DE,00+,2021-08-20,2021-07-26,28,0,25,Fri,1
DE,00+,2021-08-21,2021-07-26,28,0,26,Sat,1
DE,00+,2021-08-22,2021-07-26,28,0,27,Sun,1
DE,00+,2021-07-27,2021-07-27,0,35,0,Tue,1
DE,00+,2021-07-28,2021-07-27,0,11,1,Wed,1
DE,00+,2021-07-29,2021-07-27,52,6,2,Thu,0
DE,00+,2021-07-30,2021-07-27,52,4,3,Fri,1
DE,00+,2021-07-31,2021-07-27,52,4,4,Sat,1
DE,00+,2021-08-01,2021-07-27,52,1,5,Sun,1
DE,00+,2021-08-02,2021-07-27,52,0,6,Mon,1
DE,00+,2021-08-03,2021-07-27,52,2,7,Tue,1
DE,00+,2021-08-04,2021-07-27,52,2,8,Wed,1
DE,00+,2021-08-05,2021-07-27,67,2,9,Thu,0
DE,00+,2021-08-06,2021-07-27,67,2,10,Fri,1
DE,00+,2021-08-07,2021-07-27,67,0,11,Sat,1
DE,00+,2021-08-08,2021-07-27,67,0,12,Sun,1
DE,00+,2021-08-09,2021-07-27,67,1,13,Mon,1
DE,00+,2021-08-10,2021-07-27,67,4,14,Tue,1
DE,00+,2021-08-11,2021-07-27,67,1,15,Wed,1
DE,00+,2021-08-12,2021-07-27,75,0,16,Thu,0
DE,00+,2021-08-13,2021-07-27,75,0,17,Fri,1
DE,00+,2021-08-14,2021-07-27,75,0,18,Sat,1
DE,00+,2021-08-15,2021-07-27,75,0,19,Sun,1
DE,00+,2021-08-16,2021-07-27,75,0,20,Mon,1
DE,00+,2021-08-17,2021-07-27,75,0,21,Tue,1
DE,00+,2021-08-18,2021-07-27,75,0,22,Wed,1
DE,00+,2021-08-19,2021-07-27,76,1,23,Thu,0
DE,00+,2021-08-20,2021-07-27,76,2,24,Fri,1
DE,00+,2021-08-21,2021-07-27,76,0,25,Sat,1
DE,00+,2021-08-22,2021-07-27,76,0,26,Sun,1
DE,00+,2021-07-28,2021-07-28,0,51,0,Wed,1
DE,00+,2021-07-29,2021-07-28,79,28,1,Thu,0
DE,00+,2021-07-30,2021-07-28,79,25,2,Fri,1
DE,00+,2021-07-31,2021-07-28,79,3,3,Sat,1
DE,00+,2021-08-01,2021-07-28,79,5,4,Sun,1
DE,00+,2021-08-02,2021-07-28,79,2,5,Mon,1
DE,00+,2021-08-03,2021-07-28,79,3,6,Tue,1
DE,00+,2021-08-04,2021-07-28,79,5,7,Wed,1
DE,00+,2021-08-05,2021-07-28,127,5,8,Thu,0
DE,00+,2021-08-06,2021-07-28,127,7,9,Fri,1
DE,00+,2021-08-07,2021-07-28,127,1,10,Sat,1
DE,00+,2021-08-08,2021-07-28,127,0,11,Sun,1
DE,00+,2021-08-09,2021-07-28,127,0,12,Mon,1
DE,00+,2021-08-10,2021-07-28,127,4,13,Tue,1
DE,00+,2021-08-11,2021-07-28,127,5,14,Wed,1
DE,00+,2021-08-12,2021-07-28,149,5,15,Thu,0
DE,00+,2021-08-13,2021-07-28,149,1,16,Fri,1
DE,00+,2021-08-14,2021-07-28,149,1,17,Sat,1
DE,00+,2021-08-15,2021-07-28,149,0,18,Sun,1
DE,00+,2021-08-16,2021-07-28,149,0,19,Mon,1
DE,00+,2021-08-17,2021-07-28,149,1,20,Tue,1
DE,00+,2021-08-18,2021-07-28,149,1,21,Wed,1
DE,00+,2021-08-19,2021-07-28,155,2,22,Thu,0
DE,00+,2021-08-20,2021-07-28,155,0,23,Fri,1
DE,00+,2021-08-21,2021-07-28,155,1,24,Sat,1
DE,00+,2021-08-22,2021-07-28,155,0,25,Sun,1
DE,00+,2021-07-29,2021-07-29,47,47,0,Thu,0
DE,00+,2021-07-30,2021-07-29,47,37,1,Fri,1
DE,00+,2021-07-31,2021-07-29,47,9,2,Sat,1
DE,00+,2021-08-01,2021-07-29,47,2,3,Sun,1
DE,00+,2021-08-02,2021-07-29,47,2,4,Mon,1
DE,00+,2021-08-03,2021-07-29,47,3,5,Tue,1
DE,00+,2021-08-04,2021-07-29,47,4,6,Wed,1
DE,00+,2021-08-05,2021-07-29,108,4,7,Thu,0
DE,00+,2021-08-06,2021-07-29,108,4,8,Fri,1
DE,00+,2021-08-07,2021-07-29,108,3,9,Sat,1
DE,00+,2021-08-08,2021-07-29,108,0,10,Sun,1
DE,00+,2021-08-09,2021-07-29,108,2,11,Mon,1
DE,00+,2021-08-10,2021-07-29,108,0,12,Tue,1
DE,00+,2021-08-11,2021-07-29,108,10,13,Wed,1
DE,00+,2021-08-12,2021-07-29,131,4,14,Thu,0
DE,00+,2021-08-13,2021-07-29,131,3,15,Fri,1
DE,00+,2021-08-14,2021-07-29,131,0,16,Sat,1
DE,00+,2021-08-15,2021-07-29,131,0,17,Sun,1
DE,00+,2021-08-16,2021-07-29,131,0,18,Mon,1
DE,00+,2021-08-17,2021-07-29,131,0,19,Tue,1
DE,00+,2021-08-18,2021-07-29,131,0,20,Wed,1
DE,00+,2021-08-19,2021-07-29,135,1,21,Thu,0
DE,00+,2021-08-20,2021-07-29,135,0,22,Fri,1
DE,00+,2021-08-21,2021-07-29,135,0,23,Sat,1
DE,00+,2021-08-22,2021-07-29,135,0,24,Sun,1
DE,00+,2021-07-30,2021-07-30,0,36,0,Fri,1
DE,00+,2021-07-31,2021-07-30,0,20,1,Sat,1
DE,00+,2021-08-01,2021-07-30,0,2,2,Sun,1
DE,00+,2021-08-02,2021-07-30,0,4,3,Mon,1
DE,00+,2021-08-03,2021-07-30,0,11,4,Tue,1
DE,00+,2021-08-04,2021-07-30,0,8,5,Wed,1
DE,00+,2021-08-05,2021-07-30,89,8,6,Thu,0
DE,00+,2021-08-06,2021-07-30,89,3,7,Fri,1
DE,00+,2021-08-07,2021-07-30,89,5,8,Sat,1
DE,00+,2021-08-08,2021-07-30,89,2,9,Sun,1
DE,00+,2021-08-09,2021-07-30,89,0,10,Mon,1
DE,00+,2021-08-10,2021-07-30,89,2,11,Tue,1
DE,00+,2021-08-11,2021-07-30,89,4,12,Wed,1
DE,00+,2021-08-12,2021-07-30,109,4,13,Thu,0
DE,00+,2021-08-13,2021-07-30,109,0,14,Fri,1
DE,00+,2021-08-14,2021-07-30,109,2,15,Sat,1
DE,00+,2021-08-15,2021-07-30,109,2,16,Sun,1
DE,00+,2021-08-16,2021-07-30,109,0,17,Mon,1
DE,00+,2021-08-17,2021-07-30,109,0,18,Tue,1
DE,00+,2021-08-18,2021-07-30,109,1,19,Wed,1
DE,00+,2021-08-19,2021-07-30,114,0,20,Thu,0
DE,00+,2021-08-20,2021-07-30,114,0,21,Fri,1
DE,00+,2021-08-21,2021-07-30,114,0,22,Sat,1
DE,00+,2021-08-22,2021-07-30,114,0,23,Sun,1
DE,00+,2021-07-31,2021-07-31,0,38,0,Sat,1
DE,00+,2021-08-01,2021-07-31,0,16,1,Sun,1
DE,00+,2021-08-02,2021-07-31,0,3,2,Mon,1
DE,00+,2021-08-03,2021-07-31,0,15,3,Tue,1
DE,00+,2021-08-04,2021-07-31,0,14,4,Wed,1
DE,00+,2021-08-05,2021-07-31,93,7,5,Thu,0
DE,00+,2021-08-06,2021-07-31,93,5,6,Fri,1
DE,00+,2021-08-07,2021-07-31,93,5,7,Sat,1
DE,00+,2021-08-08,2021-07-31,93,0,8,Sun,1
DE,00+,2021-08-09,2021-07-31,93,0,9,Mon,1
DE,00+,2021-08-10,2021-07-31,93,5,10,Tue,1
DE,00+,2021-08-11,2021-07-31,93,0,11,Wed,1
DE,00+,2021-08-12,2021-07-31,113,5,12,Thu,0
DE,00+,2021-08-13,2021-07-31,113,1,13,Fri,1
DE,00+,2021-08-14,2021-07-31,113,6,14,Sat,1
DE,00+,2021-08-15,2021-07-31,113,0,15,Sun,1
DE,00+,2021-08-16,2021-07-31,113,0,16,Mon,1
DE,00+,2021-08-17,2021-07-31,113,3,17,Tue,1
DE,00+,2021-08-18,2021-07-31,113,1,18,Wed,1
DE,00+,2021-08-19,2021-07-31,124,0,19,Thu,0
DE,00+,2021-08-20,2021-07-31,124,1,20,Fri,1
DE,00+,2021-08-21,2021-07-31,124,1,21,Sat,1
DE,00+,2021-08-22,2021-07-31,124,0,22,Sun,1
DE,00+,2021-08-01,2021-08-01,0,7,0,Sun,1
DE,00+,2021-08-02,2021-08-01,0,5,1,Mon,1
DE,00+,2021-08-03,2021-08-01,0,5,2,Tue,1
DE,00+,2021-08-04,2021-08-01,0,11,3,Wed,1
DE,00+,2021-08-05,2021-08-01,35,7,4,Thu,0
DE,00+,2021-08-06,2021-08-01,35,5,5,Fri,1
DE,00+,2021-08-07,2021-08-01,35,1,6,Sat,1
DE,00+,2021-08-08,2021-08-01,35,3,7,Sun,1
DE,00+,2021-08-09,2021-08-01,35,1,8,Mon,1
DE,00+,2021-08-10,2021-08-01,35,6,9,Tue,1
DE,00+,2021-08-11,2021-08-01,35,3,10,Wed,1
DE,00+,2021-08-12,2021-08-01,57,3,11,Thu,0
DE,00+,2021-08-13,2021-08-01,57,4,12,Fri,1
DE,00+,2021-08-14,2021-08-01,57,1,13,Sat,1
DE,00+,2021-08-15,2021-08-01,57,1,14,Sun,1
DE,00+,2021-08-16,2021-08-01,57,7,15,Mon,1
DE,00+,2021-08-17,2021-08-01,57,2,16,Tue,1
DE,00+,2021-08-18,2021-08-01,57,3,17,Wed,1
DE,00+,2021-08-19,2021-08-01,77,2,18,Thu,0
DE,00+,2021-08-20,2021-08-01,77,0,19,Fri,1
DE,00+,2021-08-21,2021-08-01,77,0,20,Sat,1
DE,00+,2021-08-22,2021-08-01,77,0,21,Sun,1
DE,00+,2021-08-02,2021-08-02,0,13,0,Mon,1
DE,00+,2021-08-03,2021-08-02,0,13,1,Tue,1
DE,00+,2021-08-04,2021-08-02,0,8,2,Wed,1
DE,00+,2021-08-05,2021-08-02,40,6,3,Thu,0
DE,00+,2021-08-06,2021-08-02,40,1,4,Fri,1
DE,00+,2021-08-07,2021-08-02,40,3,5,Sat,1
DE,00+,2021-08-08,2021-08-02,40,2,6,Sun,1
DE,00+,2021-08-09,2021-08-02,40,0,7,Mon,1
DE,00+,2021-08-10,2021-08-02,40,0,8,Tue,1
DE,00+,2021-08-11,2021-08-02,40,2,9,Wed,1
DE,00+,2021-08-12,2021-08-02,48,0,10,Thu,0
DE,00+,2021-08-13,2021-08-02,48,2,11,Fri,1
DE,00+,2021-08-14,2021-08-02,48,0,12,Sat,1
DE,00+,2021-08-15,2021-08-02,48,5,13,Sun,1
DE,00+,2021-08-16,2021-08-02,48,3,14,Mon,1
DE,00+,2021-08-17,2021-08-02,48,0,15,Tue,1
DE,00+,2021-08-18,2021-08-02,48,0,16,Wed,1
DE,00+,2021-08-19,2021-08-02,58,0,17,Thu,0
DE,00+,2021-08-20,2021-08-02,58,0,18,Fri,1
DE,00+,2021-08-21,2021-08-02,58,1,19,Sat,1
DE,00+,2021-08-22,2021-08-02,58,0,20,Sun,1
DE,00+,2021-08-03,2021-08-03,0,51,0,Tue,1
DE,00+,2021-08-04,2021-08-03,0,43,1,Wed,1
DE,00+,2021-08-05,2021-08-03,100,6,2,Thu,0
DE,00+,2021-08-06,2021-08-03,100,4,3,Fri,1
DE,00+,2021-08-07,2021-08-03,100,4,4,Sat,1
DE,00+,2021-08-08,2021-08-03,100,3,5,Sun,1
DE,00+,2021-08-09,2021-08-03,100,1,6,Mon,1
DE,00+,2021-08-10,2021-08-03,100,6,7,Tue,1
DE,00+,2021-08-11,2021-08-03,100,4,8,Wed,1
DE,00+,2021-08-12,2021-08-03,127,5,9,Thu,0
DE,00+,2021-08-13,2021-08-03,127,5,10,Fri,1
DE,00+,2021-08-14,2021-08-03,127,4,11,Sat,1
DE,00+,2021-08-15,2021-08-03,127,0,12,Sun,1
DE,00+,2021-08-16,2021-08-03,127,4,13,Mon,1
DE,00+,2021-08-17,2021-08-03,127,5,14,Tue,1
DE,00+,2021-08-18,2021-08-03,127,0,15,Wed,1
DE,00+,2021-08-19,2021-08-03,147,2,16,Thu,0
DE,00+,2021-08-20,2021-08-03,147,2,17,Fri,1
DE,00+,2021-08-21,2021-08-03,147,0,18,Sat,1
DE,00+,2021-08-22,2021-08-03,147,0,19,Sun,1
DE,00+,2021-08-04,2021-08-04,0,51,0,Wed,1
DE,00+,2021-08-05,2021-08-04,94,43,1,Thu,0
DE,00+,2021-08-06,2021-08-04,94,18,2,Fri,1
DE,00+,2021-08-07,2021-08-04,94,5,3,Sat,1
DE,00+,2021-08-08,2021-08-04,94,6,4,Sun,1
DE,00+,2021-08-09,2021-08-04,94,1,5,Mon,1
DE,00+,2021-08-10,2021-08-04,94,2,6,Tue,1
DE,00+,2021-08-11,2021-08-04,94,8,7,Wed,1
DE,00+,2021-08-12,2021-08-04,141,7,8,Thu,0
DE,00+,2021-08-13,2021-08-04,141,7,9,Fri,1
DE,00+,2021-08-14,2021-08-04,141,6,10,Sat,1
DE,00+,2021-08-15,2021-08-04,141,1,11,Sun,1
DE,00+,2021-08-16,2021-08-04,141,0,12,Mon,1
DE,00+,2021-08-17,2021-08-04,141,4,13,Tue,1
DE,00+,2021-08-18,2021-08-04,141,3,14,Wed,1
DE,00+,2021-08-19,2021-08-04,163,1,15,Thu,0
DE,00+,2021-08-20,2021-08-04,163,3,16,Fri,1
DE,00+,2021-08-21,2021-08-04,163,0,17,Sat,1
DE,00+,2021-08-22,2021-08-04,163,0,18,Sun,1
DE,00+,2021-08-05,2021-08-05,45,45,0,Thu,0
DE,00+,2021-08-06,2021-08-05,45,21,1,Fri,1
DE,00+,2021-08-07,2021-08-05,45,6,2,Sat,1
DE,00+,2021-08-08,2021-08-05,45,2,3,Sun,1
DE,00+,2021-08-09,2021-08-05,45,2,4,Mon,1
DE,00+,2021-08-10,2021-08-05,45,11,5,Tue,1
DE,00+,2021-08-11,2021-08-05,45,17,6,Wed,1
DE,00+,2021-08-12,2021-08-05,109,5,7,Thu,0
DE,00+,2021-08-13,2021-08-05,109,7,8,Fri,1
DE,00+,2021-08-14,2021-08-05,109,4,9,Sat,1
DE,00+,2021-08-15,2021-08-05,109,1,10,Sun,1
DE,00+,2021-08-16,2021-08-05,109,0,11,Mon,1
DE,00+,2021-08-17,2021-08-05,109,5,12,Tue,1
DE,00+,2021-08-18,2021-08-05,109,3,13,Wed,1
DE,00+,2021-08-19,2021-08-05,129,0,14,Thu,0
DE,00+,2021-08-20,2021-08-05,129,2,15,Fri,1
DE,00+,2021-08-21,2021-08-05,129,2,16,Sat,1
DE,00+,2021-08-22,2021-08-05,129,0,17,Sun,1
DE,00+,2021-08-06,2021-08-06,0,47,0,Fri,1
DE,00+,2021-08-07,2021-08-06,0,31,1,Sat,1
DE,00+,2021-08-08,2021-08-06,0,5,2,Sun,1
DE,00+,2021-08-09,2021-08-06,0,4,3,Mon,1
DE,00+,2021-08-10,2021-08-06,0,20,4,Tue,1
DE,00+,2021-08-11,2021-08-06,0,6,5,Wed,1
DE,00+,2021-08-12,2021-08-06,114,1,6,Thu,0
DE,00+,2021-08-13,2021-08-06,114,9,7,Fri,1
DE,00+,2021-08-14,2021-08-06,114,3,8,Sat,1
DE,00+,2021-08-15,2021-08-06,114,1,9,Sun,1
DE,00+,2021-08-16,2021-08-06,114,0,10,Mon,1
DE,00+,2021-08-17,2021-08-06,114,2,11,Tue,1
DE,00+,2021-08-18,2021-08-06,114,1,12,Wed,1
DE,00+,2021-08-19,2021-08-06,135,5,13,Thu,0
DE,00+,2021-08-20,2021-08-06,135,2,14,Fri,1
DE,00+,2021-08-21,2021-08-06,135,0,15,Sat,1
DE,00+,2021-08-22,2021-08-06,135,0,16,Sun,1
DE,00+,2021-08-07,2021-08-07,0,40,0,Sat,1
DE,00+,2021-08-08,2021-08-07,0,15,1,Sun,1
DE,00+,2021-08-09,2021-08-07,0,6,2,Mon,1
DE,00+,2021-08-10,2021-08-07,0,23,3,Tue,1
DE,00+,2021-08-11,2021-08-07,0,14,4,Wed,1
DE,00+,2021-08-12,2021-08-07,111,13,5,Thu,0
DE,00+,2021-08-13,2021-08-07,111,8,6,Fri,1
DE,00+,2021-08-14,2021-08-07,111,9,7,Sat,1
DE,00+,2021-08-15,2021-08-07,111,0,8,Sun,1
DE,00+,2021-08-16,2021-08-07,111,1,9,Mon,1
DE,00+,2021-08-17,2021-08-07,111,3,10,Tue,1
DE,00+,2021-08-18,2021-08-07,111,3,11,Wed,1
DE,00+,2021-08-19,2021-08-07,137,2,12,Thu,0
DE,00+,2021-08-20,2021-08-07,137,0,13,Fri,1
DE,00+,2021-08-21,2021-08-07,137,1,14,Sat,1
DE,00+,2021-08-22,2021-08-07,137,1,15,Sun,1
DE,00+,2021-08-08,2021-08-08,0,13,0,Sun,1
DE,00+,2021-08-09,2021-08-08,0,14,1,Mon,1
DE,00+,2021-08-10,2021-08-08,0,27,2,Tue,1
DE,00+,2021-08-11,2021-08-08,0,14,3,Wed,1
DE,00+,2021-08-12,2021-08-08,75,7,4,Thu,0
DE,00+,2021-08-13,2021-08-08,75,7,5,Fri,1
DE,00+,2021-08-14,2021-08-08,75,0,6,Sat,1
DE,00+,2021-08-15,2021-08-08,75,0,7,Sun,1
DE,00+,2021-08-16,2021-08-08,75,0,8,Mon,1
DE,00+,2021-08-17,2021-08-08,75,7,9,Tue,1
DE,00+,2021-08-18,2021-08-08,75,1,10,Wed,1
DE,00+,2021-08-19,2021-08-08,94,4,11,Thu,0
DE,00+,2021-08-20,2021-08-08,94,2,12,Fri,1
DE,00+,2021-08-21,2021-08-08,94,1,13,Sat,1
DE,00+,2021-08-22,2021-08-08,94,0,14,Sun,1
DE,00+,2021-08-09,2021-08-09,0,14,0,Mon,1
DE,00+,2021-08-10,2021-08-09,0,23,1,Tue,1
DE,00+,2021-08-11,2021-08-09,0,11,2,Wed,1
DE,00+,2021-08-12,2021-08-09,51,3,3,Thu,0
DE,00+,2021-08-13,2021-08-09,51,1,4,Fri,1
DE,00+,2021-08-14,2021-08-09,51,1,5,Sat,1
DE,00+,2021-08-15,2021-08-09,51,0,6,Sun,1
DE,00+,2021-08-16,2021-08-09,51,0,7,Mon,1
DE,00+,2021-08-17,2021-08-09,51,0,8,Tue,1
DE,00+,2021-08-18,2021-08-09,51,1,9,Wed,1
DE,00+,2021-08-19,2021-08-09,54,0,10,Thu,0
DE,00+,2021-08-20,2021-08-09,54,2,11,Fri,1
DE,00+,2021-08-21,2021-08-09,54,2,12,Sat,1
DE,00+,2021-08-22,2021-08-09,54,0,13,Sun,1
DE,00+,2021-08-10,2021-08-10,0,78,0,Tue,1
DE,00+,2021-08-11,2021-08-10,0,43,1,Wed,1
DE,00+,2021-08-12,2021-08-10,144,23,2,Thu,0
DE,00+,2021-08-13,2021-08-10,144,11,3,Fri,1
DE,00+,2021-08-14,2021-08-10,144,5,4,Sat,1
DE,00+,2021-08-15,2021-08-10,144,1,5,Sun,1
DE,00+,2021-08-16,2021-08-10,144,0,6,Mon,1
DE,00+,2021-08-17,2021-08-10,144,5,7,Tue,1
DE,00+,2021-08-18,2021-08-10,144,2,8,Wed,1
DE,00+,2021-08-19,2021-08-10,170,2,9,Thu,0
DE,00+,2021-08-20,2021-08-10,170,1,10,Fri,1
DE,00+,2021-08-21,2021-08-10,170,4,11,Sat,1
DE,00+,2021-08-22,2021-08-10,170,0,12,Sun,1
DE,00+,2021-08-11,2021-08-11,0,80,0,Wed,1
DE,00+,2021-08-12,2021-08-11,133,53,1,Thu,0
DE,00+,2021-08-13,2021-08-11,133,17,2,Fri,1
DE,00+,2021-08-14,2021-08-11,133,15,3,Sat,1
DE,00+,2021-08-15,2021-08-11,133,7,4,Sun,1
DE,00+,2021-08-16,2021-08-11,133,3,5,Mon,1
DE,00+,2021-08-17,2021-08-11,133,14,6,Tue,1
DE,00+,2021-08-18,2021-08-11,133,12,7,Wed,1
DE,00+,2021-08-19,2021-08-11,214,13,8,Thu,0
DE,00+,2021-08-20,2021-08-11,214,13,9,Fri,1
DE,00+,2021-08-21,2021-08-11,214,6,10,Sat,1
DE,00+,2021-08-22,2021-08-11,214,0,11,Sun,1
DE,00+,2021-08-12,2021-08-12,89,89,0,Thu,0
DE,00+,2021-08-13,2021-08-12,89,48,1,Fri,1
DE,00+,2021-08-14,2021-08-12,89,28,2,Sat,1
DE,00+,2021-08-15,2021-08-12,89,8,3,Sun,1
DE,00+,2021-08-16,2021-08-12,89,1,4,Mon,1
DE,00+,2021-08-17,2021-08-12,89,14,5,Tue,1
DE,00+,2021-08-18,2021-08-12,89,13,6,Wed,1
DE,00+,2021-08-19,2021-08-12,214,13,7,Thu,0
DE,00+,2021-08-20,2021-08-12,214,10,8,Fri,1
DE,00+,2021-08-21,2021-08-12,214,12,9,Sat,1
DE,00+,2021-08-22,2021-08-12,214,1,10,Sun,1
DE,00+,2021-08-13,2021-08-13,0,86,0,Fri,1
DE,00+,2021-08-14,2021-08-13,0,44,1,Sat,1
DE,00+,2021-08-15,2021-08-13,0,9,2,Sun,1
DE,00+,2021-08-16,2021-08-13,0,3,3,Mon,1
DE,00+,2021-08-17,2021-08-13,0,27,4,Tue,1
DE,00+,2021-08-18,2021-08-13,0,13,5,Wed,1
DE,00+,2021-08-19,2021-08-13,189,7,6,Thu,0
DE,00+,2021-08-20,2021-08-13,189,11,7,Fri,1
DE,00+,2021-08-21,2021-08-13,189,4,8,Sat,1
DE,00+,2021-08-22,2021-08-13,189,0,9,Sun,1
DE,00+,2021-08-14,2021-08-14,0,79,0,Sat,1
DE,00+,2021-08-15,2021-08-14,0,36,1,Sun,1
DE,00+,2021-08-16,2021-08-14,0,7,2,Mon,1
DE,00+,2021-08-17,2021-08-14,0,16,3,Tue,1
DE,00+,2021-08-18,2021-08-14,0,19,4,Wed,1
DE,00+,2021-08-19,2021-08-14,170,13,5,Thu,0
DE,00+,2021-08-20,2021-08-14,170,8,6,Fri,1
DE,00+,2021-08-21,2021-08-14,170,8,7,Sat,1
DE,00+,2021-08-22,2021-08-14,170,3,8,Sun,1
DE,00+,2021-08-15,2021-08-15,0,22,0,Sun,1
DE,00+,2021-08-16,2021-08-15,0,24,1,Mon,1
DE,00+,2021-08-17,2021-08-15,0,35,2,Tue,1
DE,00+,2021-08-18,2021-08-15,0,18,3,Wed,1
DE,00+,2021-08-19,2021-08-15,109,10,4,Thu,0
DE,00+,2021-08-20,2021-08-15,109,4,5,Fri,1
DE,00+,2021-08-21,2021-08-15,109,7,6,Sat,1
DE,00+,2021-08-22,2021-08-15,109,5,7,Sun,1
DE,00+,2021-08-16,2021-08-16,0,23,0,Mon,1
DE,00+,2021-08-17,2021-08-16,0,32,1,Tue,1
DE,00+,2021-08-18,2021-08-16,0,22,2,Wed,1
DE,00+,2021-08-19,2021-08-16,87,10,3,Thu,0
DE,00+,2021-08-20,2021-08-16,87,8,4,Fri,1
DE,00+,2021-08-21,2021-08-16,87,2,5,Sat,1
DE,00+,2021-08-22,2021-08-16,87,1,6,Sun,1
DE,00+,2021-08-17,2021-08-17,0,96,0,Tue,1
DE,00+,2021-08-18,2021-08-17,0,85,1,Wed,1
DE,00+,2021-08-19,2021-08-17,211,30,2,Thu,0
DE,00+,2021-08-20,2021-08-17,211,18,3,Fri,1
DE,00+,2021-08-21,2021-08-17,211,10,4,Sat,1
DE,00+,2021-08-22,2021-08-17,211,3,5,Sun,1
DE,00+,2021-08-18,2021-08-18,0,92,0,Wed,1
DE,00+,2021-08-19,2021-08-18,178,86,1,Thu,0
DE,00+,2021-08-20,2021-08-18,178,23,2,Fri,1
DE,00+,2021-08-21,2021-08-18,178,18,3,Sat,1
DE,00+,2021-08-22,2021-08-18,178,4,4,Sun,1
DE,00+,2021-08-19,2021-08-19,84,84,0,Thu,0
DE,00+,2021-08-20,2021-08-19,84,87,1,Fri,1
DE,00+,2021-08-21,2021-08-19,84,27,2,Sat,1
DE,00+,2021-08-22,2021-08-19,84,4,3,Sun,1
DE,00+,2021-08-20,2021-08-20,0,98,0,Fri,1
DE,00+,2021-08-21,2021-08-20,0,61,1,Sat,1
DE,00+,2021-08-22,2021-08-20,0,12,2,Sun,1
DE,00+,2021-08-21,2021-08-21,0,69,0,Sat,1
DE,00+,2021-08-22,2021-08-21,0,43,1,Sun,1
DE,00+,2021-08-22,2021-08-22,0,45,0,Sun,1
